(1700000000.000000) can0 0x100#0000AA55
(1700000000.000000) can0 0x200#10112233
(1700000000.000000) can0 0x500#00
(1700000000.010000) can0 0x100#0100AA55
(1700000000.020000) can0 0x100#0200AA55
(1700000000.030000) can0 0x100#0300AA55
(1700000000.040000) can0 0x100#0400AA55
(1700000000.050000) can0 0x100#0500AA55
(1700000000.050000) can0 0x200#11112233
(1700000000.060000) can0 0x100#0600AA55
(1700000000.070000) can0 0x100#0700AA55
(1700000000.080000) can0 0x100#0800AA55
(1700000000.090000) can0 0x100#0900AA55
(1700000000.100000) can0 0x100#0A00AA55
(1700000000.100000) can0 0x200#12112233
(1700000000.100000) can0 0x500#01
(1700000000.110000) can0 0x100#0B00AA55
(1700000000.120000) can0 0x100#0C00AA55
(1700000000.130000) can0 0x100#0D00AA55
(1700000000.140000) can0 0x100#0E00AA55
(1700000000.150000) can0 0x100#0F00AA55
(1700000000.150000) can0 0x200#13112233
(1700000000.160000) can0 0x100#0000AA55
(1700000000.170000) can0 0x100#0100AA55
(1700000000.180000) can0 0x100#0200AA55
(1700000000.190000) can0 0x100#0300AA55
(1700000000.200000) can0 0x100#0400AA55
(1700000000.200000) can0 0x200#14112233
(1700000000.200000) can0 0x500#02
(1700000000.210000) can0 0x100#0500AA55
(1700000000.220000) can0 0x100#0600AA55
(1700000000.230000) can0 0x100#0700AA55
(1700000000.240000) can0 0x100#0800AA55
(1700000000.250000) can0 0x100#0900AA55
(1700000000.250000) can0 0x200#15112233
(1700000000.260000) can0 0x100#0A00AA55
(1700000000.270000) can0 0x100#0B00AA55
(1700000000.280000) can0 0x100#0C00AA55
(1700000000.290000) can0 0x100#0D00AA55
(1700000000.300000) can0 0x100#0E00AA55
(1700000000.300000) can0 0x200#16112233
(1700000000.300000) can0 0x500#03
(1700000000.310000) can0 0x100#0F00AA55
(1700000000.320000) can0 0x100#0000AA55
(1700000000.330000) can0 0x100#0100AA55
(1700000000.340000) can0 0x100#0200AA55
(1700000000.350000) can0 0x100#0300AA55
(1700000000.350000) can0 0x200#17112233
(1700000000.360000) can0 0x100#0400AA55
(1700000000.370000) can0 0x100#0500AA55
(1700000000.380000) can0 0x100#0600AA55
(1700000000.390000) can0 0x100#0700AA55
(1700000000.400000) can0 0x100#0800AA55
(1700000000.400000) can0 0x200#18112233
(1700000000.400000) can0 0x500#04
(1700000000.410000) can0 0x100#0900AA55
(1700000000.420000) can0 0x100#0A00AA55
(1700000000.430000) can0 0x100#0B00AA55
(1700000000.440000) can0 0x100#0C00AA55
(1700000000.450000) can0 0x100#0D00AA55
(1700000000.450000) can0 0x200#19112233
(1700000000.460000) can0 0x100#0E00AA55
(1700000000.470000) can0 0x100#0F00AA55
(1700000000.480000) can0 0x100#0000AA55
(1700000000.490000) can0 0x100#0100AA55
(1700000000.500000) can0 0x100#0200AA55
(1700000000.500000) can0 0x200#1A112233
(1700000000.500000) can0 0x500#05
(1700000000.510000) can0 0x100#0300AA55
(1700000000.520000) can0 0x100#0400AA55
(1700000000.530000) can0 0x100#0500AA55
(1700000000.540000) can0 0x100#0600AA55
(1700000000.550000) can0 0x100#0700AA55
(1700000000.550000) can0 0x200#1B112233
(1700000000.560000) can0 0x100#0800AA55
(1700000000.570000) can0 0x100#0900AA55
(1700000000.580000) can0 0x100#0A00AA55
(1700000000.590000) can0 0x100#0B00AA55
(1700000000.600000) can0 0x100#0C00AA55
(1700000000.600000) can0 0x200#1C112233
(1700000000.600000) can0 0x500#06
(1700000000.610000) can0 0x100#0D00AA55
(1700000000.620000) can0 0x100#0E00AA55
(1700000000.630000) can0 0x100#0F00AA55
(1700000000.640000) can0 0x100#0000AA55
(1700000000.650000) can0 0x100#0100AA55
(1700000000.650000) can0 0x200#1D112233
(1700000000.660000) can0 0x100#0200AA55
(1700000000.670000) can0 0x100#0300AA55
(1700000000.680000) can0 0x100#0400AA55
(1700000000.690000) can0 0x100#0500AA55
(1700000000.700000) can0 0x100#0600AA55
(1700000000.700000) can0 0x200#1E112233
(1700000000.700000) can0 0x500#07
(1700000000.710000) can0 0x100#0700AA55
(1700000000.720000) can0 0x100#0800AA55
(1700000000.730000) can0 0x100#0900AA55
(1700000000.740000) can0 0x100#0A00AA55
(1700000000.750000) can0 0x100#0B00AA55
(1700000000.750000) can0 0x200#1F112233
(1700000000.760000) can0 0x100#0C00AA55
(1700000000.770000) can0 0x100#0D00AA55
(1700000000.780000) can0 0x100#0E00AA55
(1700000000.790000) can0 0x100#0F00AA55
(1700000000.800000) can0 0x100#0000AA55
(1700000000.800000) can0 0x200#1F112233
(1700000000.800000) can0 0x500#08
(1700000000.810000) can0 0x100#0100AA55
(1700000000.820000) can0 0x100#0200AA55
(1700000000.830000) can0 0x100#0300AA55
(1700000000.840000) can0 0x100#0400AA55
(1700000000.850000) can0 0x100#0500AA55
(1700000000.850000) can0 0x200#1E112233
(1700000000.860000) can0 0x100#0600AA55
(1700000000.870000) can0 0x100#0700AA55
(1700000000.880000) can0 0x100#0800AA55
(1700000000.890000) can0 0x100#0900AA55
(1700000000.900000) can0 0x100#0A00AA55
(1700000000.900000) can0 0x200#1D112233
(1700000000.900000) can0 0x500#09
(1700000000.910000) can0 0x100#0B00AA55
(1700000000.920000) can0 0x100#0C00AA55
(1700000000.930000) can0 0x100#0D00AA55
(1700000000.940000) can0 0x100#0E00AA55
(1700000000.950000) can0 0x100#0F00AA55
(1700000000.950000) can0 0x200#1C112233
(1700000000.960000) can0 0x100#0000AA55
(1700000000.970000) can0 0x100#0100AA55
(1700000000.980000) can0 0x100#0200AA55
(1700000000.990000) can0 0x100#0300AA55
(1700000001.000000) can0 0x100#0400AA55
(1700000001.000000) can0 0x200#1B112233
(1700000001.000000) can0 0x500#0A
(1700000001.010000) can0 0x100#0500AA55
(1700000001.020000) can0 0x100#0600AA55
(1700000001.030000) can0 0x100#0700AA55
(1700000001.040000) can0 0x100#0800AA55
(1700000001.050000) can0 0x100#0900AA55
(1700000001.050000) can0 0x200#1A112233
(1700000001.060000) can0 0x100#0A00AA55
(1700000001.070000) can0 0x100#0B00AA55
(1700000001.080000) can0 0x100#0C00AA55
(1700000001.090000) can0 0x100#0D00AA55
(1700000001.100000) can0 0x100#0E00AA55
(1700000001.100000) can0 0x200#19112233
(1700000001.100000) can0 0x500#0B
(1700000001.110000) can0 0x100#0F00AA55
(1700000001.120000) can0 0x100#0000AA55
(1700000001.130000) can0 0x100#0100AA55
(1700000001.140000) can0 0x100#0200AA55
(1700000001.150000) can0 0x100#0300AA55
(1700000001.150000) can0 0x200#18112233
(1700000001.160000) can0 0x100#0400AA55
(1700000001.170000) can0 0x100#0500AA55
(1700000001.180000) can0 0x100#0600AA55
(1700000001.190000) can0 0x100#0700AA55
(1700000001.200000) can0 0x100#0800AA55
(1700000001.200000) can0 0x200#17112233
(1700000001.200000) can0 0x500#0C
(1700000001.210000) can0 0x100#0900AA55
(1700000001.220000) can0 0x100#0A00AA55
(1700000001.230000) can0 0x100#0B00AA55
(1700000001.240000) can0 0x100#0C00AA55
(1700000001.250000) can0 0x100#0D00AA55
(1700000001.250000) can0 0x200#16112233
(1700000001.260000) can0 0x100#0E00AA55
(1700000001.270000) can0 0x100#0F00AA55
(1700000001.280000) can0 0x100#0000AA55
(1700000001.290000) can0 0x100#0100AA55
(1700000001.300000) can0 0x100#0200AA55
(1700000001.300000) can0 0x200#15112233
(1700000001.300000) can0 0x500#0D
(1700000001.310000) can0 0x100#0300AA55
(1700000001.320000) can0 0x100#0400AA55
(1700000001.330000) can0 0x100#0500AA55
(1700000001.340000) can0 0x100#0600AA55
(1700000001.350000) can0 0x100#0700AA55
(1700000001.350000) can0 0x200#14112233
(1700000001.360000) can0 0x100#0800AA55
(1700000001.370000) can0 0x100#0900AA55
(1700000001.380000) can0 0x100#0A00AA55
(1700000001.390000) can0 0x100#0B00AA55
(1700000001.400000) can0 0x100#0C00AA55
(1700000001.400000) can0 0x200#13112233
(1700000001.400000) can0 0x500#0E
(1700000001.410000) can0 0x100#0D00AA55
(1700000001.420000) can0 0x100#0E00AA55
(1700000001.430000) can0 0x100#0F00AA55
(1700000001.440000) can0 0x100#0000AA55
(1700000001.450000) can0 0x100#0100AA55
(1700000001.450000) can0 0x200#12112233
(1700000001.460000) can0 0x100#0200AA55
(1700000001.470000) can0 0x100#0300AA55
(1700000001.480000) can0 0x100#0400AA55
(1700000001.490000) can0 0x100#0500AA55
(1700000001.500000) can0 0x100#0600AA55
(1700000001.500000) can0 0x200#11112233
(1700000001.500000) can0 0x500#0F
(1700000001.510000) can0 0x100#0700AA55
(1700000001.520000) can0 0x100#0800AA55
(1700000001.530000) can0 0x100#0900AA55
(1700000001.540000) can0 0x100#0A00AA55
(1700000001.550000) can0 0x100#0B00AA55
(1700000001.550000) can0 0x200#10112233
(1700000001.560000) can0 0x100#0C00AA55
(1700000001.570000) can0 0x100#0D00AA55
(1700000001.580000) can0 0x100#0E00AA55
(1700000001.590000) can0 0x100#0F00AA55
(1700000001.600000) can0 0x100#0000AA55
(1700000001.600000) can0 0x200#10112233
(1700000001.600000) can0 0x500#00
(1700000001.610000) can0 0x100#0100AA55
(1700000001.620000) can0 0x100#0200AA55
(1700000001.630000) can0 0x100#0300AA55
(1700000001.640000) can0 0x100#0400AA55
(1700000001.650000) can0 0x100#0500AA55
(1700000001.650000) can0 0x200#11112233
(1700000001.660000) can0 0x100#0600AA55
(1700000001.670000) can0 0x100#0700AA55
(1700000001.680000) can0 0x100#0800AA55
(1700000001.690000) can0 0x100#0900AA55
(1700000001.700000) can0 0x100#0A00AA55
(1700000001.700000) can0 0x200#12112233
(1700000001.700000) can0 0x500#01
(1700000001.710000) can0 0x100#0B00AA55
(1700000001.720000) can0 0x100#0C00AA55
(1700000001.730000) can0 0x100#0D00AA55
(1700000001.740000) can0 0x100#0E00AA55
(1700000001.750000) can0 0x100#0F00AA55
(1700000001.750000) can0 0x200#13112233
(1700000001.760000) can0 0x100#0000AA55
(1700000001.770000) can0 0x100#0100AA55
(1700000001.780000) can0 0x100#0200AA55
(1700000001.790000) can0 0x100#0300AA55
(1700000001.800000) can0 0x100#0400AA55
(1700000001.800000) can0 0x200#14112233
(1700000001.800000) can0 0x500#02
(1700000001.810000) can0 0x100#0500AA55
(1700000001.820000) can0 0x100#0600AA55
(1700000001.830000) can0 0x100#0700AA55
(1700000001.840000) can0 0x100#0800AA55
(1700000001.850000) can0 0x100#0900AA55
(1700000001.850000) can0 0x200#15112233
(1700000001.860000) can0 0x100#0A00AA55
(1700000001.870000) can0 0x100#0B00AA55
(1700000001.880000) can0 0x100#0C00AA55
(1700000001.890000) can0 0x100#0D00AA55
(1700000001.900000) can0 0x100#0E00AA55
(1700000001.900000) can0 0x200#16112233
(1700000001.900000) can0 0x500#03
(1700000001.910000) can0 0x100#0F00AA55
(1700000001.920000) can0 0x100#0000AA55
(1700000001.930000) can0 0x100#0100AA55
(1700000001.940000) can0 0x100#0200AA55
(1700000001.950000) can0 0x100#0300AA55
(1700000001.950000) can0 0x200#17112233
(1700000001.960000) can0 0x100#0400AA55
(1700000001.970000) can0 0x100#0500AA55
(1700000001.980000) can0 0x100#0600AA55
(1700000001.990000) can0 0x100#0700AA55
(1700000002.000000) can0 0x100#0800AA55
(1700000002.000000) can0 0x200#18112233
(1700000002.000000) can0 0x500#04
(1700000002.010000) can0 0x100#0900AA55
(1700000002.020000) can0 0x100#0A00AA55
(1700000002.030000) can0 0x100#0B00AA55
(1700000002.040000) can0 0x100#0C00AA55
(1700000002.050000) can0 0x100#0D00AA55
(1700000002.050000) can0 0x200#19112233
(1700000002.060000) can0 0x100#0E00AA55
(1700000002.070000) can0 0x100#0F00AA55
(1700000002.080000) can0 0x100#0000AA55
(1700000002.090000) can0 0x100#0100AA55
(1700000002.100000) can0 0x100#0200AA55
(1700000002.100000) can0 0x200#1A112233
(1700000002.100000) can0 0x500#05
(1700000002.110000) can0 0x100#0300AA55
(1700000002.120000) can0 0x100#0400AA55
(1700000002.130000) can0 0x100#0500AA55
(1700000002.140000) can0 0x100#0600AA55
(1700000002.150000) can0 0x100#0700AA55
(1700000002.150000) can0 0x200#1B112233
(1700000002.160000) can0 0x100#0800AA55
(1700000002.170000) can0 0x100#0900AA55
(1700000002.180000) can0 0x100#0A00AA55
(1700000002.190000) can0 0x100#0B00AA55
(1700000002.200000) can0 0x100#0C00AA55
(1700000002.200000) can0 0x200#1C112233
(1700000002.200000) can0 0x500#06
(1700000002.210000) can0 0x100#0D00AA55
(1700000002.220000) can0 0x100#0E00AA55
(1700000002.230000) can0 0x100#0F00AA55
(1700000002.240000) can0 0x100#0000AA55
(1700000002.250000) can0 0x100#0100AA55
(1700000002.250000) can0 0x200#1D112233
(1700000002.260000) can0 0x100#0200AA55
(1700000002.270000) can0 0x100#0300AA55
(1700000002.280000) can0 0x100#0400AA55
(1700000002.290000) can0 0x100#0500AA55
(1700000002.300000) can0 0x100#0600AA55
(1700000002.300000) can0 0x200#1E112233
(1700000002.300000) can0 0x500#07
(1700000002.310000) can0 0x100#0700AA55
(1700000002.320000) can0 0x100#0800AA55
(1700000002.330000) can0 0x100#0900AA55
(1700000002.340000) can0 0x100#0A00AA55
(1700000002.350000) can0 0x100#0B00AA55
(1700000002.350000) can0 0x200#1F112233
(1700000002.360000) can0 0x100#0C00AA55
(1700000002.370000) can0 0x100#0D00AA55
(1700000002.380000) can0 0x100#0E00AA55
(1700000002.390000) can0 0x100#0F00AA55
(1700000002.400000) can0 0x100#0000AA55
(1700000002.400000) can0 0x200#1F112233
(1700000002.400000) can0 0x500#08
(1700000002.410000) can0 0x100#0100AA55
(1700000002.420000) can0 0x100#0200AA55
(1700000002.430000) can0 0x100#0300AA55
(1700000002.440000) can0 0x100#0400AA55
(1700000002.450000) can0 0x100#0500AA55
(1700000002.450000) can0 0x200#1E112233
(1700000002.460000) can0 0x100#0600AA55
(1700000002.470000) can0 0x100#0700AA55
(1700000002.480000) can0 0x100#0800AA55
(1700000002.490000) can0 0x100#0900AA55
(1700000002.500000) can0 0x100#0A00AA55
(1700000002.500000) can0 0x200#1D112233
(1700000002.500000) can0 0x500#09
(1700000002.510000) can0 0x100#0B00AA55
(1700000002.520000) can0 0x100#0C00AA55
(1700000002.530000) can0 0x100#0D00AA55
(1700000002.540000) can0 0x100#0E00AA55
(1700000002.550000) can0 0x100#0F00AA55
(1700000002.550000) can0 0x200#1C112233
(1700000002.560000) can0 0x100#0000AA55
(1700000002.570000) can0 0x100#0100AA55
(1700000002.580000) can0 0x100#0200AA55
(1700000002.590000) can0 0x100#0300AA55
(1700000002.600000) can0 0x100#0400AA55
(1700000002.600000) can0 0x200#1B112233
(1700000002.600000) can0 0x500#0A
(1700000002.610000) can0 0x100#0500AA55
(1700000002.620000) can0 0x100#0600AA55
(1700000002.630000) can0 0x100#0700AA55
(1700000002.640000) can0 0x100#0800AA55
(1700000002.650000) can0 0x100#0900AA55
(1700000002.650000) can0 0x200#1A112233
(1700000002.660000) can0 0x100#0A00AA55
(1700000002.670000) can0 0x100#0B00AA55
(1700000002.680000) can0 0x100#0C00AA55
(1700000002.690000) can0 0x100#0D00AA55
(1700000002.700000) can0 0x100#0E00AA55
(1700000002.700000) can0 0x200#19112233
(1700000002.700000) can0 0x500#0B
(1700000002.710000) can0 0x100#0F00AA55
(1700000002.720000) can0 0x100#0000AA55
(1700000002.730000) can0 0x100#0100AA55
(1700000002.740000) can0 0x100#0200AA55
(1700000002.750000) can0 0x100#0300AA55
(1700000002.750000) can0 0x200#18112233
(1700000002.760000) can0 0x100#0400AA55
(1700000002.770000) can0 0x100#0500AA55
(1700000002.780000) can0 0x100#0600AA55
(1700000002.790000) can0 0x100#0700AA55
(1700000002.800000) can0 0x100#0800AA55
(1700000002.800000) can0 0x200#17112233
(1700000002.800000) can0 0x500#0C
(1700000002.810000) can0 0x100#0900AA55
(1700000002.820000) can0 0x100#0A00AA55
(1700000002.830000) can0 0x100#0B00AA55
(1700000002.840000) can0 0x100#0C00AA55
(1700000002.850000) can0 0x100#0D00AA55
(1700000002.850000) can0 0x200#16112233
(1700000002.860000) can0 0x100#0E00AA55
(1700000002.870000) can0 0x100#0F00AA55
(1700000002.880000) can0 0x100#0000AA55
(1700000002.890000) can0 0x100#0100AA55
(1700000002.900000) can0 0x100#0200AA55
(1700000002.900000) can0 0x200#15112233
(1700000002.900000) can0 0x500#0D
(1700000002.910000) can0 0x100#0300AA55
(1700000002.920000) can0 0x100#0400AA55
(1700000002.930000) can0 0x100#0500AA55
(1700000002.940000) can0 0x100#0600AA55
(1700000002.950000) can0 0x100#0700AA55
(1700000002.950000) can0 0x200#14112233
(1700000002.960000) can0 0x100#0800AA55
(1700000002.970000) can0 0x100#0900AA55
(1700000002.980000) can0 0x100#0A00AA55
(1700000002.990000) can0 0x100#0B00AA55
(1700000003.000000) can0 0x100#0C00AA55
(1700000003.000000) can0 0x200#13112233
(1700000003.000000) can0 0x500#0E
(1700000003.010000) can0 0x100#0D00AA55
(1700000003.020000) can0 0x100#0E00AA55
(1700000003.030000) can0 0x100#0F00AA55
(1700000003.040000) can0 0x100#0000AA55
(1700000003.050000) can0 0x100#0100AA55
(1700000003.050000) can0 0x200#12112233
(1700000003.060000) can0 0x100#0200AA55
(1700000003.070000) can0 0x100#0300AA55
(1700000003.080000) can0 0x100#0400AA55
(1700000003.090000) can0 0x100#0500AA55
(1700000003.100000) can0 0x100#0600AA55
(1700000003.100000) can0 0x200#11112233
(1700000003.100000) can0 0x500#0F
(1700000003.110000) can0 0x100#0700AA55
(1700000003.120000) can0 0x100#0800AA55
(1700000003.130000) can0 0x100#0900AA55
(1700000003.140000) can0 0x100#0A00AA55
(1700000003.150000) can0 0x100#0B00AA55
(1700000003.150000) can0 0x200#10112233
(1700000003.160000) can0 0x100#0C00AA55
(1700000003.170000) can0 0x100#0D00AA55
(1700000003.180000) can0 0x100#0E00AA55
(1700000003.190000) can0 0x100#0F00AA55
(1700000003.200000) can0 0x100#0000AA55
(1700000003.200000) can0 0x200#10112233
(1700000003.200000) can0 0x500#00
(1700000003.210000) can0 0x100#0100AA55
(1700000003.220000) can0 0x100#0200AA55
(1700000003.230000) can0 0x100#0300AA55
(1700000003.240000) can0 0x100#0400AA55
(1700000003.250000) can0 0x100#0500AA55
(1700000003.250000) can0 0x200#11112233
(1700000003.260000) can0 0x100#0600AA55
(1700000003.270000) can0 0x100#0700AA55
(1700000003.280000) can0 0x100#0800AA55
(1700000003.290000) can0 0x100#0900AA55
(1700000003.300000) can0 0x100#0A00AA55
(1700000003.300000) can0 0x200#12112233
(1700000003.300000) can0 0x500#01
(1700000003.310000) can0 0x100#0B00AA55
(1700000003.320000) can0 0x100#0C00AA55
(1700000003.330000) can0 0x100#0D00AA55
(1700000003.340000) can0 0x100#0E00AA55
(1700000003.350000) can0 0x100#0F00AA55
(1700000003.350000) can0 0x200#13112233
(1700000003.360000) can0 0x100#0000AA55
(1700000003.370000) can0 0x100#0100AA55
(1700000003.380000) can0 0x100#0200AA55
(1700000003.390000) can0 0x100#0300AA55
(1700000003.400000) can0 0x100#0400AA55
(1700000003.400000) can0 0x200#14112233
(1700000003.400000) can0 0x500#02
(1700000003.410000) can0 0x100#0500AA55
(1700000003.420000) can0 0x100#0600AA55
(1700000003.430000) can0 0x100#0700AA55
(1700000003.440000) can0 0x100#0800AA55
(1700000003.450000) can0 0x100#0900AA55
(1700000003.450000) can0 0x200#15112233
(1700000003.460000) can0 0x100#0A00AA55
(1700000003.470000) can0 0x100#0B00AA55
(1700000003.480000) can0 0x100#0C00AA55
(1700000003.490000) can0 0x100#0D00AA55
(1700000003.500000) can0 0x100#0E00AA55
(1700000003.500000) can0 0x200#16112233
(1700000003.500000) can0 0x500#03
(1700000003.510000) can0 0x100#0F00AA55
(1700000003.520000) can0 0x100#0000AA55
(1700000003.530000) can0 0x100#0100AA55
(1700000003.540000) can0 0x100#0200AA55
(1700000003.550000) can0 0x100#0300AA55
(1700000003.550000) can0 0x200#17112233
(1700000003.560000) can0 0x100#0400AA55
(1700000003.570000) can0 0x100#0500AA55
(1700000003.580000) can0 0x100#0600AA55
(1700000003.590000) can0 0x100#0700AA55
(1700000003.600000) can0 0x100#0800AA55
(1700000003.600000) can0 0x200#18112233
(1700000003.600000) can0 0x500#04
(1700000003.610000) can0 0x100#0900AA55
(1700000003.620000) can0 0x100#0A00AA55
(1700000003.630000) can0 0x100#0B00AA55
(1700000003.640000) can0 0x100#0C00AA55
(1700000003.650000) can0 0x100#0D00AA55
(1700000003.650000) can0 0x200#19112233
(1700000003.660000) can0 0x100#0E00AA55
(1700000003.670000) can0 0x100#0F00AA55
(1700000003.680000) can0 0x100#0000AA55
(1700000003.690000) can0 0x100#0100AA55
(1700000003.700000) can0 0x100#0200AA55
(1700000003.700000) can0 0x200#1A112233
(1700000003.700000) can0 0x500#05
(1700000003.710000) can0 0x100#0300AA55
(1700000003.720000) can0 0x100#0400AA55
(1700000003.730000) can0 0x100#0500AA55
(1700000003.740000) can0 0x100#0600AA55
(1700000003.750000) can0 0x100#0700AA55
(1700000003.750000) can0 0x200#1B112233
(1700000003.760000) can0 0x100#0800AA55
(1700000003.770000) can0 0x100#0900AA55
(1700000003.780000) can0 0x100#0A00AA55
(1700000003.790000) can0 0x100#0B00AA55
(1700000003.800000) can0 0x100#0C00AA55
(1700000003.800000) can0 0x200#1C112233
(1700000003.800000) can0 0x500#06
(1700000003.810000) can0 0x100#0D00AA55
(1700000003.820000) can0 0x100#0E00AA55
(1700000003.830000) can0 0x100#0F00AA55
(1700000003.840000) can0 0x100#0000AA55
(1700000003.850000) can0 0x100#0100AA55
(1700000003.850000) can0 0x200#1D112233
(1700000003.860000) can0 0x100#0200AA55
(1700000003.870000) can0 0x100#0300AA55
(1700000003.880000) can0 0x100#0400AA55
(1700000003.890000) can0 0x100#0500AA55
(1700000003.900000) can0 0x100#0600AA55
(1700000003.900000) can0 0x200#1E112233
(1700000003.900000) can0 0x500#07
(1700000003.910000) can0 0x100#0700AA55
(1700000003.920000) can0 0x100#0800AA55
(1700000003.930000) can0 0x100#0900AA55
(1700000003.940000) can0 0x100#0A00AA55
(1700000003.950000) can0 0x100#0B00AA55
(1700000003.950000) can0 0x200#1F112233
(1700000003.960000) can0 0x100#0C00AA55
(1700000003.970000) can0 0x100#0D00AA55
(1700000003.980000) can0 0x100#0E00AA55
(1700000003.990000) can0 0x100#0F00AA55
(1700000004.000000) can0 0x100#0000AA55
(1700000004.000000) can0 0x200#1F112233
(1700000004.000000) can0 0x500#08
(1700000004.010000) can0 0x100#0100AA55
(1700000004.020000) can0 0x100#0200AA55
(1700000004.030000) can0 0x100#0300AA55
(1700000004.040000) can0 0x100#0400AA55
(1700000004.050000) can0 0x100#0500AA55
(1700000004.050000) can0 0x200#1E112233
(1700000004.060000) can0 0x100#0600AA55
(1700000004.070000) can0 0x100#0700AA55
(1700000004.080000) can0 0x100#0800AA55
(1700000004.090000) can0 0x100#0900AA55
(1700000004.100000) can0 0x100#0A00AA55
(1700000004.100000) can0 0x200#1D112233
(1700000004.100000) can0 0x500#09
(1700000004.110000) can0 0x100#0B00AA55
(1700000004.120000) can0 0x100#0C00AA55
(1700000004.130000) can0 0x100#0D00AA55
(1700000004.140000) can0 0x100#0E00AA55
(1700000004.150000) can0 0x100#0F00AA55
(1700000004.150000) can0 0x200#1C112233
(1700000004.160000) can0 0x100#0000AA55
(1700000004.170000) can0 0x100#0100AA55
(1700000004.180000) can0 0x100#0200AA55
(1700000004.190000) can0 0x100#0300AA55
(1700000004.200000) can0 0x100#0400AA55
(1700000004.200000) can0 0x200#1B112233
(1700000004.200000) can0 0x500#0A
(1700000004.210000) can0 0x100#0500AA55
(1700000004.220000) can0 0x100#0600AA55
(1700000004.230000) can0 0x100#0700AA55
(1700000004.240000) can0 0x100#0800AA55
(1700000004.250000) can0 0x100#0900AA55
(1700000004.250000) can0 0x200#1A112233
(1700000004.260000) can0 0x100#0A00AA55
(1700000004.270000) can0 0x100#0B00AA55
(1700000004.280000) can0 0x100#0C00AA55
(1700000004.290000) can0 0x100#0D00AA55
(1700000004.300000) can0 0x100#0E00AA55
(1700000004.300000) can0 0x200#19112233
(1700000004.300000) can0 0x500#0B
(1700000004.310000) can0 0x100#0F00AA55
(1700000004.320000) can0 0x100#0000AA55
(1700000004.330000) can0 0x100#0100AA55
(1700000004.340000) can0 0x100#0200AA55
(1700000004.350000) can0 0x100#0300AA55
(1700000004.350000) can0 0x200#18112233
(1700000004.360000) can0 0x100#0400AA55
(1700000004.370000) can0 0x100#0500AA55
(1700000004.380000) can0 0x100#0600AA55
(1700000004.390000) can0 0x100#0700AA55
(1700000004.400000) can0 0x100#0800AA55
(1700000004.400000) can0 0x200#17112233
(1700000004.400000) can0 0x500#0C
(1700000004.410000) can0 0x100#0900AA55
(1700000004.420000) can0 0x100#0A00AA55
(1700000004.430000) can0 0x100#0B00AA55
(1700000004.440000) can0 0x100#0C00AA55
(1700000004.450000) can0 0x100#0D00AA55
(1700000004.450000) can0 0x200#16112233
(1700000004.460000) can0 0x100#0E00AA55
(1700000004.470000) can0 0x100#0F00AA55
(1700000004.480000) can0 0x100#0000AA55
(1700000004.490000) can0 0x100#0100AA55
(1700000004.500000) can0 0x100#0200AA55
(1700000004.500000) can0 0x200#15112233
(1700000004.500000) can0 0x500#0D
(1700000004.510000) can0 0x100#0300AA55
(1700000004.520000) can0 0x100#0400AA55
(1700000004.530000) can0 0x100#0500AA55
(1700000004.540000) can0 0x100#0600AA55
(1700000004.550000) can0 0x100#0700AA55
(1700000004.550000) can0 0x200#14112233
(1700000004.560000) can0 0x100#0800AA55
(1700000004.570000) can0 0x100#0900AA55
(1700000004.580000) can0 0x100#0A00AA55
(1700000004.590000) can0 0x100#0B00AA55
(1700000004.600000) can0 0x100#0C00AA55
(1700000004.600000) can0 0x200#13112233
(1700000004.600000) can0 0x500#0E
(1700000004.610000) can0 0x100#0D00AA55
(1700000004.620000) can0 0x100#0E00AA55
(1700000004.630000) can0 0x100#0F00AA55
(1700000004.640000) can0 0x100#0000AA55
(1700000004.650000) can0 0x100#0100AA55
(1700000004.650000) can0 0x200#12112233
(1700000004.660000) can0 0x100#0200AA55
(1700000004.670000) can0 0x100#0300AA55
(1700000004.680000) can0 0x100#0400AA55
(1700000004.690000) can0 0x100#0500AA55
(1700000004.700000) can0 0x100#0600AA55
(1700000004.700000) can0 0x200#11112233
(1700000004.700000) can0 0x500#0F
(1700000004.710000) can0 0x100#0700AA55
(1700000004.720000) can0 0x100#0800AA55
(1700000004.730000) can0 0x100#0900AA55
(1700000004.740000) can0 0x100#0A00AA55
(1700000004.750000) can0 0x100#0B00AA55
(1700000004.750000) can0 0x200#10112233
(1700000004.760000) can0 0x100#0C00AA55
(1700000004.770000) can0 0x100#0D00AA55
(1700000004.780000) can0 0x100#0E00AA55
(1700000004.790000) can0 0x100#0F00AA55
(1700000004.800000) can0 0x100#0000AA55
(1700000004.800000) can0 0x200#10112233
(1700000004.800000) can0 0x500#00
(1700000004.810000) can0 0x100#0100AA55
(1700000004.820000) can0 0x100#0200AA55
(1700000004.830000) can0 0x100#0300AA55
(1700000004.840000) can0 0x100#0400AA55
(1700000004.850000) can0 0x100#0500AA55
(1700000004.850000) can0 0x200#11112233
(1700000004.860000) can0 0x100#0600AA55
(1700000004.870000) can0 0x100#0700AA55
(1700000004.880000) can0 0x100#0800AA55
(1700000004.890000) can0 0x100#0900AA55
(1700000004.900000) can0 0x100#0A00AA55
(1700000004.900000) can0 0x200#12112233
(1700000004.900000) can0 0x500#01
(1700000004.910000) can0 0x100#0B00AA55
(1700000004.920000) can0 0x100#0C00AA55
(1700000004.930000) can0 0x100#0D00AA55
(1700000004.940000) can0 0x100#0E00AA55
(1700000004.950000) can0 0x100#0F00AA55
(1700000004.950000) can0 0x200#13112233
(1700000004.960000) can0 0x100#0000AA55
(1700000004.970000) can0 0x100#0100AA55
(1700000004.980000) can0 0x100#0200AA55
(1700000004.990000) can0 0x100#0300AA55
(1700000005.000000) can0 0x100#0400AA55
(1700000005.000000) can0 0x200#14112233
(1700000005.000000) can0 0x500#02
(1700000005.010000) can0 0x100#0500AA55
(1700000005.020000) can0 0x100#0600AA55
(1700000005.030000) can0 0x100#0700AA55
(1700000005.040000) can0 0x100#0800AA55
(1700000005.050000) can0 0x100#0900AA55
(1700000005.050000) can0 0x200#15112233
(1700000005.060000) can0 0x100#0A00AA55
(1700000005.070000) can0 0x100#0B00AA55
(1700000005.080000) can0 0x100#0C00AA55
(1700000005.090000) can0 0x100#0D00AA55
(1700000005.100000) can0 0x100#0E00AA55
(1700000005.100000) can0 0x200#16112233
(1700000005.100000) can0 0x500#03
(1700000005.110000) can0 0x100#0F00AA55
(1700000005.120000) can0 0x100#0000AA55
(1700000005.130000) can0 0x100#0100AA55
(1700000005.140000) can0 0x100#0200AA55
(1700000005.150000) can0 0x100#0300AA55
(1700000005.150000) can0 0x200#17112233
(1700000005.160000) can0 0x100#0400AA55
(1700000005.170000) can0 0x100#0500AA55
(1700000005.180000) can0 0x100#0600AA55
(1700000005.190000) can0 0x100#0700AA55
(1700000005.200000) can0 0x100#0800AA55
(1700000005.200000) can0 0x200#18112233
(1700000005.200000) can0 0x500#04
(1700000005.210000) can0 0x100#0900AA55
(1700000005.220000) can0 0x100#0A00AA55
(1700000005.230000) can0 0x100#0B00AA55
(1700000005.240000) can0 0x100#0C00AA55
(1700000005.250000) can0 0x100#0D00AA55
(1700000005.250000) can0 0x200#19112233
(1700000005.260000) can0 0x100#0E00AA55
(1700000005.270000) can0 0x100#0F00AA55
(1700000005.280000) can0 0x100#0000AA55
(1700000005.290000) can0 0x100#0100AA55
(1700000005.300000) can0 0x100#0200AA55
(1700000005.300000) can0 0x200#1A112233
(1700000005.300000) can0 0x500#05
(1700000005.310000) can0 0x100#0300AA55
(1700000005.320000) can0 0x100#0400AA55
(1700000005.330000) can0 0x100#0500AA55
(1700000005.340000) can0 0x100#0600AA55
(1700000005.350000) can0 0x100#0700AA55
(1700000005.350000) can0 0x200#1B112233
(1700000005.360000) can0 0x100#0800AA55
(1700000005.370000) can0 0x100#0900AA55
(1700000005.380000) can0 0x100#0A00AA55
(1700000005.390000) can0 0x100#0B00AA55
(1700000005.400000) can0 0x100#0C00AA55
(1700000005.400000) can0 0x200#1C112233
(1700000005.400000) can0 0x500#06
(1700000005.410000) can0 0x100#0D00AA55
(1700000005.420000) can0 0x100#0E00AA55
(1700000005.430000) can0 0x100#0F00AA55
(1700000005.440000) can0 0x100#0000AA55
(1700000005.450000) can0 0x100#0100AA55
(1700000005.450000) can0 0x200#1D112233
(1700000005.460000) can0 0x100#0200AA55
(1700000005.470000) can0 0x100#0300AA55
(1700000005.480000) can0 0x100#0400AA55
(1700000005.490000) can0 0x100#0500AA55
(1700000005.500000) can0 0x100#0600AA55
(1700000005.500000) can0 0x200#1E112233
(1700000005.500000) can0 0x500#07
(1700000005.510000) can0 0x100#0700AA55
(1700000005.520000) can0 0x100#0800AA55
(1700000005.530000) can0 0x100#0900AA55
(1700000005.540000) can0 0x100#0A00AA55
(1700000005.550000) can0 0x100#0B00AA55
(1700000005.550000) can0 0x200#1F112233
(1700000005.560000) can0 0x100#0C00AA55
(1700000005.570000) can0 0x100#0D00AA55
(1700000005.580000) can0 0x100#0E00AA55
(1700000005.590000) can0 0x100#0F00AA55
(1700000005.600000) can0 0x100#0000AA55
(1700000005.600000) can0 0x200#1F112233
(1700000005.600000) can0 0x500#08
(1700000005.610000) can0 0x100#0100AA55
(1700000005.620000) can0 0x100#0200AA55
(1700000005.630000) can0 0x100#0300AA55
(1700000005.640000) can0 0x100#0400AA55
(1700000005.650000) can0 0x100#0500AA55
(1700000005.650000) can0 0x200#1E112233
(1700000005.660000) can0 0x100#0600AA55
(1700000005.670000) can0 0x100#0700AA55
(1700000005.680000) can0 0x100#0800AA55
(1700000005.690000) can0 0x100#0900AA55
(1700000005.700000) can0 0x100#0A00AA55
(1700000005.700000) can0 0x200#1D112233
(1700000005.700000) can0 0x500#09
(1700000005.710000) can0 0x100#0B00AA55
(1700000005.720000) can0 0x100#0C00AA55
(1700000005.730000) can0 0x100#0D00AA55
(1700000005.740000) can0 0x100#0E00AA55
(1700000005.750000) can0 0x100#0F00AA55
(1700000005.750000) can0 0x200#1C112233
(1700000005.760000) can0 0x100#0000AA55
(1700000005.770000) can0 0x100#0100AA55
(1700000005.780000) can0 0x100#0200AA55
(1700000005.790000) can0 0x100#0300AA55
(1700000005.800000) can0 0x100#0400AA55
(1700000005.800000) can0 0x200#1B112233
(1700000005.800000) can0 0x500#0A
(1700000005.810000) can0 0x100#0500AA55
(1700000005.820000) can0 0x100#0600AA55
(1700000005.830000) can0 0x100#0700AA55
(1700000005.840000) can0 0x100#0800AA55
(1700000005.850000) can0 0x100#0900AA55
(1700000005.850000) can0 0x200#1A112233
(1700000005.860000) can0 0x100#0A00AA55
(1700000005.870000) can0 0x100#0B00AA55
(1700000005.880000) can0 0x100#0C00AA55
(1700000005.890000) can0 0x100#0D00AA55
(1700000005.900000) can0 0x100#0E00AA55
(1700000005.900000) can0 0x200#19112233
(1700000005.900000) can0 0x500#0B
(1700000005.910000) can0 0x100#0F00AA55
(1700000005.920000) can0 0x100#0000AA55
(1700000005.930000) can0 0x100#0100AA55
(1700000005.940000) can0 0x100#0200AA55
(1700000005.950000) can0 0x100#0300AA55
(1700000005.950000) can0 0x200#18112233
(1700000005.960000) can0 0x100#0400AA55
(1700000005.970000) can0 0x100#0500AA55
(1700000005.980000) can0 0x100#0600AA55
(1700000005.990000) can0 0x100#0700AA55
(1700000006.000000) can0 0x100#0800AA55
(1700000006.000000) can0 0x200#17112233
(1700000006.000000) can0 0x500#0C
(1700000006.010000) can0 0x100#0900AA55
(1700000006.020000) can0 0x100#0A00AA55
(1700000006.030000) can0 0x100#0B00AA55
(1700000006.040000) can0 0x100#0C00AA55
(1700000006.050000) can0 0x100#0D00AA55
(1700000006.050000) can0 0x200#16112233
(1700000006.060000) can0 0x100#0E00AA55
(1700000006.070000) can0 0x100#0F00AA55
(1700000006.080000) can0 0x100#0000AA55
(1700000006.090000) can0 0x100#0100AA55
(1700000006.100000) can0 0x100#0200AA55
(1700000006.100000) can0 0x200#15112233
(1700000006.100000) can0 0x500#0D
(1700000006.110000) can0 0x100#0300AA55
(1700000006.120000) can0 0x100#0400AA55
(1700000006.130000) can0 0x100#0500AA55
(1700000006.140000) can0 0x100#0600AA55
(1700000006.150000) can0 0x100#0700AA55
(1700000006.150000) can0 0x200#14112233
(1700000006.160000) can0 0x100#0800AA55
(1700000006.170000) can0 0x100#0900AA55
(1700000006.180000) can0 0x100#0A00AA55
(1700000006.190000) can0 0x100#0B00AA55
(1700000006.200000) can0 0x100#0C00AA55
(1700000006.200000) can0 0x200#13112233
(1700000006.200000) can0 0x500#0E
(1700000006.210000) can0 0x100#0D00AA55
(1700000006.220000) can0 0x100#0E00AA55
(1700000006.230000) can0 0x100#0F00AA55
(1700000006.240000) can0 0x100#0000AA55
(1700000006.250000) can0 0x100#0100AA55
(1700000006.250000) can0 0x200#12112233
(1700000006.260000) can0 0x100#0200AA55
(1700000006.270000) can0 0x100#0300AA55
(1700000006.280000) can0 0x100#0400AA55
(1700000006.290000) can0 0x100#0500AA55
(1700000006.300000) can0 0x100#0600AA55
(1700000006.300000) can0 0x200#11112233
(1700000006.300000) can0 0x500#0F
(1700000006.310000) can0 0x100#0700AA55
(1700000006.320000) can0 0x100#0800AA55
(1700000006.330000) can0 0x100#0900AA55
(1700000006.340000) can0 0x100#0A00AA55
(1700000006.350000) can0 0x100#0B00AA55
(1700000006.350000) can0 0x200#10112233
(1700000006.360000) can0 0x100#0C00AA55
(1700000006.370000) can0 0x100#0D00AA55
(1700000006.380000) can0 0x100#0E00AA55
(1700000006.390000) can0 0x100#0F00AA55
(1700000006.400000) can0 0x100#0000AA55
(1700000006.400000) can0 0x200#10112233
(1700000006.400000) can0 0x500#00
(1700000006.410000) can0 0x100#0100AA55
(1700000006.420000) can0 0x100#0200AA55
(1700000006.430000) can0 0x100#0300AA55
(1700000006.440000) can0 0x100#0400AA55
(1700000006.450000) can0 0x100#0500AA55
(1700000006.450000) can0 0x200#11112233
(1700000006.460000) can0 0x100#0600AA55
(1700000006.470000) can0 0x100#0700AA55
(1700000006.480000) can0 0x100#0800AA55
(1700000006.490000) can0 0x100#0900AA55
(1700000006.500000) can0 0x100#0A00AA55
(1700000006.500000) can0 0x200#12112233
(1700000006.500000) can0 0x500#01
(1700000006.510000) can0 0x100#0B00AA55
(1700000006.520000) can0 0x100#0C00AA55
(1700000006.530000) can0 0x100#0D00AA55
(1700000006.540000) can0 0x100#0E00AA55
(1700000006.550000) can0 0x100#0F00AA55
(1700000006.550000) can0 0x200#13112233
(1700000006.560000) can0 0x100#0000AA55
(1700000006.570000) can0 0x100#0100AA55
(1700000006.580000) can0 0x100#0200AA55
(1700000006.590000) can0 0x100#0300AA55
(1700000006.600000) can0 0x100#0400AA55
(1700000006.600000) can0 0x200#14112233
(1700000006.600000) can0 0x500#02
(1700000006.610000) can0 0x100#0500AA55
(1700000006.620000) can0 0x100#0600AA55
(1700000006.630000) can0 0x100#0700AA55
(1700000006.640000) can0 0x100#0800AA55
(1700000006.650000) can0 0x100#0900AA55
(1700000006.650000) can0 0x200#15112233
(1700000006.660000) can0 0x100#0A00AA55
(1700000006.670000) can0 0x100#0B00AA55
(1700000006.680000) can0 0x100#0C00AA55
(1700000006.690000) can0 0x100#0D00AA55
(1700000006.700000) can0 0x100#0E00AA55
(1700000006.700000) can0 0x200#16112233
(1700000006.700000) can0 0x500#03
(1700000006.710000) can0 0x100#0F00AA55
(1700000006.720000) can0 0x100#0000AA55
(1700000006.730000) can0 0x100#0100AA55
(1700000006.740000) can0 0x100#0200AA55
(1700000006.750000) can0 0x100#0300AA55
(1700000006.750000) can0 0x200#17112233
(1700000006.760000) can0 0x100#0400AA55
(1700000006.770000) can0 0x100#0500AA55
(1700000006.780000) can0 0x100#0600AA55
(1700000006.790000) can0 0x100#0700AA55
(1700000006.800000) can0 0x100#0800AA55
(1700000006.800000) can0 0x200#18112233
(1700000006.800000) can0 0x500#04
(1700000006.810000) can0 0x100#0900AA55
(1700000006.820000) can0 0x100#0A00AA55
(1700000006.830000) can0 0x100#0B00AA55
(1700000006.840000) can0 0x100#0C00AA55
(1700000006.850000) can0 0x100#0D00AA55
(1700000006.850000) can0 0x200#19112233
(1700000006.860000) can0 0x100#0E00AA55
(1700000006.870000) can0 0x100#0F00AA55
(1700000006.880000) can0 0x100#0000AA55
(1700000006.890000) can0 0x100#0100AA55
(1700000006.900000) can0 0x100#0200AA55
(1700000006.900000) can0 0x200#1A112233
(1700000006.900000) can0 0x500#05
(1700000006.910000) can0 0x100#0300AA55
(1700000006.920000) can0 0x100#0400AA55
(1700000006.930000) can0 0x100#0500AA55
(1700000006.940000) can0 0x100#0600AA55
(1700000006.950000) can0 0x100#0700AA55
(1700000006.950000) can0 0x200#1B112233
(1700000006.960000) can0 0x100#0800AA55
(1700000006.970000) can0 0x100#0900AA55
(1700000006.980000) can0 0x100#0A00AA55
(1700000006.990000) can0 0x100#0B00AA55
(1700000007.000000) can0 0x100#0C00AA55
(1700000007.000000) can0 0x200#1C112233
(1700000007.000000) can0 0x500#06
(1700000007.010000) can0 0x100#0D00AA55
(1700000007.020000) can0 0x100#0E00AA55
(1700000007.030000) can0 0x100#0F00AA55
(1700000007.040000) can0 0x100#0000AA55
(1700000007.050000) can0 0x100#0100AA55
(1700000007.050000) can0 0x200#1D112233
(1700000007.060000) can0 0x100#0200AA55
(1700000007.070000) can0 0x100#0300AA55
(1700000007.080000) can0 0x100#0400AA55
(1700000007.090000) can0 0x100#0500AA55
(1700000007.100000) can0 0x100#0600AA55
(1700000007.100000) can0 0x200#1E112233
(1700000007.100000) can0 0x500#07
(1700000007.110000) can0 0x100#0700AA55
(1700000007.120000) can0 0x100#0800AA55
(1700000007.130000) can0 0x100#0900AA55
(1700000007.140000) can0 0x100#0A00AA55
(1700000007.150000) can0 0x100#0B00AA55
(1700000007.150000) can0 0x200#1F112233
(1700000007.160000) can0 0x100#0C00AA55
(1700000007.170000) can0 0x100#0D00AA55
(1700000007.180000) can0 0x100#0E00AA55
(1700000007.190000) can0 0x100#0F00AA55
(1700000007.200000) can0 0x100#0000AA55
(1700000007.200000) can0 0x200#1F112233
(1700000007.200000) can0 0x500#08
(1700000007.210000) can0 0x100#0100AA55
(1700000007.220000) can0 0x100#0200AA55
(1700000007.230000) can0 0x100#0300AA55
(1700000007.240000) can0 0x100#0400AA55
(1700000007.250000) can0 0x100#0500AA55
(1700000007.250000) can0 0x200#1E112233
(1700000007.260000) can0 0x100#0600AA55
(1700000007.270000) can0 0x100#0700AA55
(1700000007.280000) can0 0x100#0800AA55
(1700000007.290000) can0 0x100#0900AA55
(1700000007.300000) can0 0x100#0A00AA55
(1700000007.300000) can0 0x200#1D112233
(1700000007.300000) can0 0x500#09
(1700000007.310000) can0 0x100#0B00AA55
(1700000007.320000) can0 0x100#0C00AA55
(1700000007.330000) can0 0x100#0D00AA55
(1700000007.340000) can0 0x100#0E00AA55
(1700000007.350000) can0 0x100#0F00AA55
(1700000007.350000) can0 0x200#1C112233
(1700000007.360000) can0 0x100#0000AA55
(1700000007.370000) can0 0x100#0100AA55
(1700000007.380000) can0 0x100#0200AA55
(1700000007.390000) can0 0x100#0300AA55
(1700000007.400000) can0 0x100#0400AA55
(1700000007.400000) can0 0x200#1B112233
(1700000007.400000) can0 0x500#0A
(1700000007.410000) can0 0x100#0500AA55
(1700000007.420000) can0 0x100#0600AA55
(1700000007.430000) can0 0x100#0700AA55
(1700000007.440000) can0 0x100#0800AA55
(1700000007.450000) can0 0x100#0900AA55
(1700000007.450000) can0 0x200#1A112233
(1700000007.460000) can0 0x100#0A00AA55
(1700000007.470000) can0 0x100#0B00AA55
(1700000007.480000) can0 0x100#0C00AA55
(1700000007.490000) can0 0x100#0D00AA55
(1700000007.500000) can0 0x100#0E00AA55
(1700000007.500000) can0 0x200#19112233
(1700000007.500000) can0 0x500#0B
(1700000007.510000) can0 0x100#0F00AA55
(1700000007.520000) can0 0x100#0000AA55
(1700000007.530000) can0 0x100#0100AA55
(1700000007.540000) can0 0x100#0200AA55
(1700000007.550000) can0 0x100#0300AA55
(1700000007.550000) can0 0x200#18112233
(1700000007.560000) can0 0x100#0400AA55
(1700000007.570000) can0 0x100#0500AA55
(1700000007.580000) can0 0x100#0600AA55
(1700000007.590000) can0 0x100#0700AA55
(1700000007.600000) can0 0x100#0800AA55
(1700000007.600000) can0 0x200#17112233
(1700000007.600000) can0 0x500#0C
(1700000007.610000) can0 0x100#0900AA55
(1700000007.620000) can0 0x100#0A00AA55
(1700000007.630000) can0 0x100#0B00AA55
(1700000007.640000) can0 0x100#0C00AA55
(1700000007.650000) can0 0x100#0D00AA55
(1700000007.650000) can0 0x200#16112233
(1700000007.660000) can0 0x100#0E00AA55
(1700000007.670000) can0 0x100#0F00AA55
(1700000007.680000) can0 0x100#0000AA55
(1700000007.690000) can0 0x100#0100AA55
(1700000007.700000) can0 0x100#0200AA55
(1700000007.700000) can0 0x200#15112233
(1700000007.700000) can0 0x500#0D
(1700000007.710000) can0 0x100#0300AA55
(1700000007.720000) can0 0x100#0400AA55
(1700000007.730000) can0 0x100#0500AA55
(1700000007.740000) can0 0x100#0600AA55
(1700000007.750000) can0 0x100#0700AA55
(1700000007.750000) can0 0x200#14112233
(1700000007.760000) can0 0x100#0800AA55
(1700000007.770000) can0 0x100#0900AA55
(1700000007.780000) can0 0x100#0A00AA55
(1700000007.790000) can0 0x100#0B00AA55
(1700000007.800000) can0 0x100#0C00AA55
(1700000007.800000) can0 0x200#13112233
(1700000007.800000) can0 0x500#0E
(1700000007.810000) can0 0x100#0D00AA55
(1700000007.820000) can0 0x100#0E00AA55
(1700000007.830000) can0 0x100#0F00AA55
(1700000007.840000) can0 0x100#0000AA55
(1700000007.850000) can0 0x100#0100AA55
(1700000007.850000) can0 0x200#12112233
(1700000007.860000) can0 0x100#0200AA55
(1700000007.870000) can0 0x100#0300AA55
(1700000007.880000) can0 0x100#0400AA55
(1700000007.890000) can0 0x100#0500AA55
(1700000007.900000) can0 0x100#0600AA55
(1700000007.900000) can0 0x200#11112233
(1700000007.900000) can0 0x500#0F
(1700000007.910000) can0 0x100#0700AA55
(1700000007.920000) can0 0x100#0800AA55
(1700000007.930000) can0 0x100#0900AA55
(1700000007.940000) can0 0x100#0A00AA55
(1700000007.950000) can0 0x100#0B00AA55
(1700000007.950000) can0 0x200#10112233
(1700000007.960000) can0 0x100#0C00AA55
(1700000007.970000) can0 0x100#0D00AA55
(1700000007.980000) can0 0x100#0E00AA55
(1700000007.990000) can0 0x100#0F00AA55
(1700000008.000000) can0 0x100#0000AA55
(1700000008.000000) can0 0x200#10112233
(1700000008.000000) can0 0x500#00
(1700000008.000000) can0 0x7FF#DEADBEEF
(1700000008.010000) can0 0x100#0100AA55
(1700000008.020000) can0 0x100#0200AA55
(1700000008.030000) can0 0x100#0300AA55
(1700000008.040000) can0 0x100#0400AA55
(1700000008.050000) can0 0x100#0500AA55
(1700000008.050000) can0 0x200#11112233
(1700000008.060000) can0 0x100#0600AA55
(1700000008.070000) can0 0x100#0700AA55
(1700000008.080000) can0 0x100#0800AA55
(1700000008.090000) can0 0x100#0900AA55
(1700000008.100000) can0 0x100#0A00AA55
(1700000008.100000) can0 0x200#12112233
(1700000008.100000) can0 0x500#01
(1700000008.110000) can0 0x100#0B00AA55
(1700000008.120000) can0 0x100#0C00AA55
(1700000008.130000) can0 0x100#0D00AA55
(1700000008.140000) can0 0x100#0E00AA55
(1700000008.150000) can0 0x100#0F00AA55
(1700000008.150000) can0 0x200#13112233
(1700000008.160000) can0 0x100#0000AA55
(1700000008.170000) can0 0x100#0100AA55
(1700000008.180000) can0 0x100#0200AA55
(1700000008.190000) can0 0x100#0300AA55
(1700000008.200000) can0 0x100#0400AA55
(1700000008.200000) can0 0x200#14112233
(1700000008.200000) can0 0x500#02
(1700000008.210000) can0 0x100#0500AA55
(1700000008.220000) can0 0x100#0600AA55
(1700000008.230000) can0 0x100#0700AA55
(1700000008.240000) can0 0x100#0800AA55
(1700000008.250000) can0 0x100#0900AA55
(1700000008.250000) can0 0x200#15112233
(1700000008.260000) can0 0x100#0A00AA55
(1700000008.270000) can0 0x100#0B00AA55
(1700000008.280000) can0 0x100#0C00AA55
(1700000008.290000) can0 0x100#0D00AA55
(1700000008.300000) can0 0x100#0E00AA55
(1700000008.300000) can0 0x200#16112233
(1700000008.300000) can0 0x500#03
(1700000008.310000) can0 0x100#0F00AA55
(1700000008.320000) can0 0x100#0000AA55
(1700000008.330000) can0 0x100#0100AA55
(1700000008.340000) can0 0x100#0200AA55
(1700000008.350000) can0 0x100#0300AA55
(1700000008.350000) can0 0x200#17112233
(1700000008.360000) can0 0x100#0400AA55
(1700000008.370000) can0 0x100#0500AA55
(1700000008.380000) can0 0x100#0600AA55
(1700000008.390000) can0 0x100#0700AA55
(1700000008.400000) can0 0x100#0800AA55
(1700000008.400000) can0 0x200#18112233
(1700000008.400000) can0 0x500#04
(1700000008.410000) can0 0x100#0900AA55
(1700000008.420000) can0 0x100#0A00AA55
(1700000008.430000) can0 0x100#0B00AA55
(1700000008.440000) can0 0x100#0C00AA55
(1700000008.450000) can0 0x100#0D00AA55
(1700000008.450000) can0 0x200#19112233
(1700000008.460000) can0 0x100#0E00AA55
(1700000008.470000) can0 0x100#0F00AA55
(1700000008.480000) can0 0x100#0000AA55
(1700000008.490000) can0 0x100#0100AA55
(1700000008.500000) can0 0x100#0200AA55
(1700000008.500000) can0 0x200#1A112233
(1700000008.500000) can0 0x500#05
(1700000008.510000) can0 0x100#0300AA55
(1700000008.520000) can0 0x100#0400AA55
(1700000008.530000) can0 0x100#0500AA55
(1700000008.540000) can0 0x100#0600AA55
(1700000008.550000) can0 0x100#0700AA55
(1700000008.550000) can0 0x200#1B112233
(1700000008.560000) can0 0x100#0800AA55
(1700000008.570000) can0 0x100#0900AA55
(1700000008.580000) can0 0x100#0A00AA55
(1700000008.590000) can0 0x100#0B00AA55
(1700000008.600000) can0 0x100#0C00AA55
(1700000008.600000) can0 0x200#1C112233
(1700000008.600000) can0 0x500#06
(1700000008.610000) can0 0x100#0D00AA55
(1700000008.620000) can0 0x100#0E00AA55
(1700000008.630000) can0 0x100#0F00AA55
(1700000008.640000) can0 0x100#0000AA55
(1700000008.650000) can0 0x100#0100AA55
(1700000008.650000) can0 0x200#1D112233
(1700000008.660000) can0 0x100#0200AA55
(1700000008.670000) can0 0x100#0300AA55
(1700000008.680000) can0 0x100#0400AA55
(1700000008.690000) can0 0x100#0500AA55
(1700000008.700000) can0 0x100#0600AA55
(1700000008.700000) can0 0x200#1E112233
(1700000008.700000) can0 0x500#07
(1700000008.710000) can0 0x100#0700AA55
(1700000008.720000) can0 0x100#0800AA55
(1700000008.730000) can0 0x100#0900AA55
(1700000008.740000) can0 0x100#0A00AA55
(1700000008.750000) can0 0x100#0B00AA55
(1700000008.750000) can0 0x200#1F112233
(1700000008.760000) can0 0x100#0C00AA55
(1700000008.770000) can0 0x100#0D00AA55
(1700000008.780000) can0 0x100#0E00AA55
(1700000008.790000) can0 0x100#0F00AA55
(1700000008.800000) can0 0x100#0000AA55
(1700000008.800000) can0 0x200#1F112233
(1700000008.800000) can0 0x500#08
(1700000008.810000) can0 0x100#0100AA55
(1700000008.820000) can0 0x100#0200AA55
(1700000008.830000) can0 0x100#0300AA55
(1700000008.840000) can0 0x100#0400AA55
(1700000008.850000) can0 0x100#0500AA55
(1700000008.850000) can0 0x200#1E112233
(1700000008.860000) can0 0x100#0600AA55
(1700000008.870000) can0 0x100#0700AA55
(1700000008.880000) can0 0x100#0800AA55
(1700000008.890000) can0 0x100#0900AA55
(1700000008.900000) can0 0x100#0A00AA55
(1700000008.900000) can0 0x200#1D112233
(1700000008.900000) can0 0x500#09
(1700000008.910000) can0 0x100#0B00AA55
(1700000008.920000) can0 0x100#0C00AA55
(1700000008.930000) can0 0x100#0D00AA55
(1700000008.940000) can0 0x100#0E00AA55
(1700000008.950000) can0 0x100#0F00AA55
(1700000008.950000) can0 0x200#1C112233
(1700000008.960000) can0 0x100#0000AA55
(1700000008.970000) can0 0x100#0100AA55
(1700000008.980000) can0 0x100#0200AA55
(1700000008.990000) can0 0x100#0300AA55
(1700000009.000000) can0 0x100#0400AA55
(1700000009.000000) can0 0x200#1B112233
(1700000009.000000) can0 0x500#0A
(1700000009.010000) can0 0x100#0500AA55
(1700000009.020000) can0 0x100#0600AA55
(1700000009.030000) can0 0x100#0700AA55
(1700000009.040000) can0 0x100#0800AA55
(1700000009.050000) can0 0x100#0900AA55
(1700000009.050000) can0 0x200#1A112233
(1700000009.060000) can0 0x100#0A00AA55
(1700000009.070000) can0 0x100#0B00AA55
(1700000009.080000) can0 0x100#0C00AA55
(1700000009.090000) can0 0x100#0D00AA55
(1700000009.100000) can0 0x100#0E00AA55
(1700000009.100000) can0 0x200#19112233
(1700000009.100000) can0 0x500#0B
(1700000009.110000) can0 0x100#0F00AA55
(1700000009.120000) can0 0x100#0000AA55
(1700000009.130000) can0 0x100#0100AA55
(1700000009.140000) can0 0x100#0200AA55
(1700000009.150000) can0 0x100#0300AA55
(1700000009.150000) can0 0x200#18112233
(1700000009.160000) can0 0x100#0400AA55
(1700000009.170000) can0 0x100#0500AA55
(1700000009.180000) can0 0x100#0600AA55
(1700000009.190000) can0 0x100#0700AA55
(1700000009.200000) can0 0x100#0800AA55
(1700000009.200000) can0 0x200#17112233
(1700000009.200000) can0 0x500#0C
(1700000009.210000) can0 0x100#0900AA55
(1700000009.220000) can0 0x100#0A00AA55
(1700000009.230000) can0 0x100#0B00AA55
(1700000009.240000) can0 0x100#0C00AA55
(1700000009.250000) can0 0x100#0D00AA55
(1700000009.250000) can0 0x200#16112233
(1700000009.260000) can0 0x100#0E00AA55
(1700000009.270000) can0 0x100#0F00AA55
(1700000009.280000) can0 0x100#0000AA55
(1700000009.290000) can0 0x100#0100AA55
(1700000009.300000) can0 0x100#0200AA55
(1700000009.300000) can0 0x200#15112233
(1700000009.300000) can0 0x500#0D
(1700000009.310000) can0 0x100#0300AA55
(1700000009.320000) can0 0x100#0400AA55
(1700000009.330000) can0 0x100#0500AA55
(1700000009.340000) can0 0x100#0600AA55
(1700000009.350000) can0 0x100#0700AA55
(1700000009.350000) can0 0x200#14112233
(1700000009.360000) can0 0x100#0800AA55
(1700000009.370000) can0 0x100#0900AA55
(1700000009.380000) can0 0x100#0A00AA55
(1700000009.390000) can0 0x100#0B00AA55
(1700000009.400000) can0 0x100#0C00AA55
(1700000009.400000) can0 0x200#13112233
(1700000009.400000) can0 0x500#0E
(1700000009.410000) can0 0x100#0D00AA55
(1700000009.420000) can0 0x100#0E00AA55
(1700000009.430000) can0 0x100#0F00AA55
(1700000009.440000) can0 0x100#0000AA55
(1700000009.450000) can0 0x100#0100AA55
(1700000009.450000) can0 0x200#12112233
(1700000009.460000) can0 0x100#0200AA55
(1700000009.470000) can0 0x100#0300AA55
(1700000009.480000) can0 0x100#0400AA55
(1700000009.490000) can0 0x100#0500AA55
(1700000009.500000) can0 0x100#0600AA55
(1700000009.500000) can0 0x200#11112233
(1700000009.500000) can0 0x500#0F
(1700000009.510000) can0 0x100#0700AA55
(1700000009.520000) can0 0x100#0800AA55
(1700000009.530000) can0 0x100#0900AA55
(1700000009.540000) can0 0x100#0A00AA55
(1700000009.550000) can0 0x100#0B00AA55
(1700000009.550000) can0 0x200#10112233
(1700000009.560000) can0 0x100#0C00AA55
(1700000009.570000) can0 0x100#0D00AA55
(1700000009.580000) can0 0x100#0E00AA55
(1700000009.590000) can0 0x100#0F00AA55
(1700000009.600000) can0 0x100#0000AA55
(1700000009.600000) can0 0x200#10112233
(1700000009.600000) can0 0x500#00
(1700000009.610000) can0 0x100#0100AA55
(1700000009.620000) can0 0x100#0200AA55
(1700000009.630000) can0 0x100#0300AA55
(1700000009.640000) can0 0x100#0400AA55
(1700000009.650000) can0 0x100#0500AA55
(1700000009.650000) can0 0x200#11112233
(1700000009.660000) can0 0x100#0600AA55
(1700000009.670000) can0 0x100#0700AA55
(1700000009.680000) can0 0x100#0800AA55
(1700000009.690000) can0 0x100#0900AA55
(1700000009.700000) can0 0x100#0A00AA55
(1700000009.700000) can0 0x200#12112233
(1700000009.700000) can0 0x500#01
(1700000009.710000) can0 0x100#0B00AA55
(1700000009.720000) can0 0x100#0C00AA55
(1700000009.730000) can0 0x100#0D00AA55
(1700000009.740000) can0 0x100#0E00AA55
(1700000009.750000) can0 0x100#0F00AA55
(1700000009.750000) can0 0x200#13112233
(1700000009.760000) can0 0x100#0000AA55
(1700000009.770000) can0 0x100#0100AA55
(1700000009.780000) can0 0x100#0200AA55
(1700000009.790000) can0 0x100#0300AA55
(1700000009.800000) can0 0x100#0400AA55
(1700000009.800000) can0 0x200#14112233
(1700000009.800000) can0 0x500#02
(1700000009.810000) can0 0x100#0500AA55
(1700000009.820000) can0 0x100#0600AA55
(1700000009.830000) can0 0x100#0700AA55
(1700000009.840000) can0 0x100#0800AA55
(1700000009.850000) can0 0x100#0900AA55
(1700000009.850000) can0 0x200#15112233
(1700000009.860000) can0 0x100#0A00AA55
(1700000009.870000) can0 0x100#0B00AA55
(1700000009.880000) can0 0x100#0C00AA55
(1700000009.890000) can0 0x100#0D00AA55
(1700000009.900000) can0 0x100#0E00AA55
(1700000009.900000) can0 0x200#16112233
(1700000009.900000) can0 0x500#03
(1700000009.910000) can0 0x100#0F00AA55
(1700000009.920000) can0 0x100#0000AA55
(1700000009.930000) can0 0x100#0100AA55
(1700000009.940000) can0 0x100#0200AA55
(1700000009.950000) can0 0x100#0300AA55
(1700000009.950000) can0 0x200#17112233
(1700000009.960000) can0 0x100#0400AA55
(1700000009.970000) can0 0x100#0500AA55
(1700000009.980000) can0 0x100#0600AA55
(1700000009.990000) can0 0x100#0700AA55
(1700000010.000000) can0 0x200#18112233
(1700000010.000000) can0 0x500#04
(1700000010.050000) can0 0x200#19112233
(1700000010.100000) can0 0x200#1A112233
(1700000010.100000) can0 0x500#05
(1700000010.150000) can0 0x200#1B112233
(1700000010.200000) can0 0x200#1C112233
(1700000010.200000) can0 0x500#06
(1700000010.250000) can0 0x100#0100AA55
(1700000010.250000) can0 0x200#1D112233
(1700000010.260000) can0 0x100#0200AA55
(1700000010.270000) can0 0x100#0300AA55
(1700000010.280000) can0 0x100#0400AA55
(1700000010.290000) can0 0x100#0500AA55
(1700000010.300000) can0 0x100#0600AA55
(1700000010.300000) can0 0x200#1E112233
(1700000010.300000) can0 0x500#07
(1700000010.310000) can0 0x100#0700AA55
(1700000010.320000) can0 0x100#0800AA55
(1700000010.330000) can0 0x100#0900AA55
(1700000010.340000) can0 0x100#0A00AA55
(1700000010.350000) can0 0x100#0B00AA55
(1700000010.350000) can0 0x200#1F112233
(1700000010.360000) can0 0x100#0C00AA55
(1700000010.370000) can0 0x100#0D00AA55
(1700000010.380000) can0 0x100#0E00AA55
(1700000010.390000) can0 0x100#0F00AA55
(1700000010.400000) can0 0x100#0000AA55
(1700000010.400000) can0 0x200#1F112233
(1700000010.400000) can0 0x500#08
(1700000010.410000) can0 0x100#0100AA55
(1700000010.420000) can0 0x100#0200AA55
(1700000010.430000) can0 0x100#0300AA55
(1700000010.440000) can0 0x100#0400AA55
(1700000010.450000) can0 0x100#0500AA55
(1700000010.450000) can0 0x200#1E112233
(1700000010.460000) can0 0x100#0600AA55
(1700000010.470000) can0 0x100#0700AA55
(1700000010.480000) can0 0x100#0800AA55
(1700000010.490000) can0 0x100#0900AA55
(1700000010.500000) can0 0x100#0A00AA55
(1700000010.500000) can0 0x200#1D112233
(1700000010.500000) can0 0x500#09
(1700000010.510000) can0 0x100#0B00AA55
(1700000010.520000) can0 0x100#0C00AA55
(1700000010.530000) can0 0x100#0D00AA55
(1700000010.540000) can0 0x100#0E00AA55
(1700000010.550000) can0 0x100#0F00AA55
(1700000010.550000) can0 0x200#1C112233
(1700000010.560000) can0 0x100#0000AA55
(1700000010.570000) can0 0x100#0100AA55
(1700000010.580000) can0 0x100#0200AA55
(1700000010.590000) can0 0x100#0300AA55
(1700000010.600000) can0 0x100#0400AA55
(1700000010.600000) can0 0x200#1B112233
(1700000010.600000) can0 0x500#0A
(1700000010.610000) can0 0x100#0500AA55
(1700000010.620000) can0 0x100#0600AA55
(1700000010.630000) can0 0x100#0700AA55
(1700000010.640000) can0 0x100#0800AA55
(1700000010.650000) can0 0x100#0900AA55
(1700000010.650000) can0 0x200#1A112233
(1700000010.660000) can0 0x100#0A00AA55
(1700000010.670000) can0 0x100#0B00AA55
(1700000010.680000) can0 0x100#0C00AA55
(1700000010.690000) can0 0x100#0D00AA55
(1700000010.700000) can0 0x100#0E00AA55
(1700000010.700000) can0 0x200#19112233
(1700000010.700000) can0 0x500#0B
(1700000010.710000) can0 0x100#0F00AA55
(1700000010.720000) can0 0x100#0000AA55
(1700000010.730000) can0 0x100#0100AA55
(1700000010.740000) can0 0x100#0200AA55
(1700000010.750000) can0 0x100#0300AA55
(1700000010.750000) can0 0x200#18112233
(1700000010.760000) can0 0x100#0400AA55
(1700000010.770000) can0 0x100#0500AA55
(1700000010.780000) can0 0x100#0600AA55
(1700000010.790000) can0 0x100#0700AA55
(1700000010.800000) can0 0x100#0800AA55
(1700000010.800000) can0 0x200#17112233
(1700000010.800000) can0 0x500#0C
(1700000010.810000) can0 0x100#0900AA55
(1700000010.820000) can0 0x100#0A00AA55
(1700000010.830000) can0 0x100#0B00AA55
(1700000010.840000) can0 0x100#0C00AA55
(1700000010.850000) can0 0x100#0D00AA55
(1700000010.850000) can0 0x200#16112233
(1700000010.860000) can0 0x100#0E00AA55
(1700000010.870000) can0 0x100#0F00AA55
(1700000010.880000) can0 0x100#0000AA55
(1700000010.890000) can0 0x100#0100AA55
(1700000010.900000) can0 0x100#0200AA55
(1700000010.900000) can0 0x200#15112233
(1700000010.900000) can0 0x500#0D
(1700000010.910000) can0 0x100#0300AA55
(1700000010.920000) can0 0x100#0400AA55
(1700000010.930000) can0 0x100#0500AA55
(1700000010.940000) can0 0x100#0600AA55
(1700000010.950000) can0 0x100#0700AA55
(1700000010.950000) can0 0x200#14112233
(1700000010.960000) can0 0x100#0800AA55
(1700000010.970000) can0 0x100#0900AA55
(1700000010.980000) can0 0x100#0A00AA55
(1700000010.990000) can0 0x100#0B00AA55
(1700000011.000000) can0 0x100#0C00AA55
(1700000011.000000) can0 0x200#13112233
(1700000011.000000) can0 0x500#0E
(1700000011.010000) can0 0x100#0D00AA55
(1700000011.020000) can0 0x100#0E00AA55
(1700000011.030000) can0 0x100#0F00AA55
(1700000011.040000) can0 0x100#0000AA55
(1700000011.050000) can0 0x100#0100AA55
(1700000011.050000) can0 0x200#12112233
(1700000011.060000) can0 0x100#0200AA55
(1700000011.070000) can0 0x100#0300AA55
(1700000011.080000) can0 0x100#0400AA55
(1700000011.090000) can0 0x100#0500AA55
(1700000011.100000) can0 0x100#0600AA55
(1700000011.100000) can0 0x200#11112233
(1700000011.100000) can0 0x500#0F
(1700000011.110000) can0 0x100#0700AA55
(1700000011.120000) can0 0x100#0800AA55
(1700000011.130000) can0 0x100#0900AA55
(1700000011.140000) can0 0x100#0A00AA55
(1700000011.150000) can0 0x100#0B00AA55
(1700000011.150000) can0 0x200#10112233
(1700000011.160000) can0 0x100#0C00AA55
(1700000011.170000) can0 0x100#0D00AA55
(1700000011.180000) can0 0x100#0E00AA55
(1700000011.190000) can0 0x100#0F00AA55
(1700000011.200000) can0 0x100#0000AA55
(1700000011.200000) can0 0x200#10112233
(1700000011.200000) can0 0x500#00
(1700000011.210000) can0 0x100#0100AA55
(1700000011.220000) can0 0x100#0200AA55
(1700000011.230000) can0 0x100#0300AA55
(1700000011.240000) can0 0x100#0400AA55
(1700000011.250000) can0 0x100#0500AA55
(1700000011.250000) can0 0x200#11112233
(1700000011.260000) can0 0x100#0600AA55
(1700000011.270000) can0 0x100#0700AA55
(1700000011.280000) can0 0x100#0800AA55
(1700000011.290000) can0 0x100#0900AA55
(1700000011.300000) can0 0x100#0A00AA55
(1700000011.300000) can0 0x200#12112233
(1700000011.300000) can0 0x500#01
(1700000011.310000) can0 0x100#0B00AA55
(1700000011.320000) can0 0x100#0C00AA55
(1700000011.330000) can0 0x100#0D00AA55
(1700000011.340000) can0 0x100#0E00AA55
(1700000011.350000) can0 0x100#0F00AA55
(1700000011.350000) can0 0x200#13112233
(1700000011.360000) can0 0x100#0000AA55
(1700000011.370000) can0 0x100#0100AA55
(1700000011.380000) can0 0x100#0200AA55
(1700000011.390000) can0 0x100#0300AA55
(1700000011.400000) can0 0x100#0400AA55
(1700000011.400000) can0 0x200#14112233
(1700000011.400000) can0 0x500#02
(1700000011.410000) can0 0x100#0500AA55
(1700000011.420000) can0 0x100#0600AA55
(1700000011.430000) can0 0x100#0700AA55
(1700000011.440000) can0 0x100#0800AA55
(1700000011.450000) can0 0x100#0900AA55
(1700000011.450000) can0 0x200#15112233
(1700000011.460000) can0 0x100#0A00AA55
(1700000011.470000) can0 0x100#0B00AA55
(1700000011.480000) can0 0x100#0C00AA55
(1700000011.490000) can0 0x100#0D00AA55
(1700000011.500000) can0 0x100#0E00AA55
(1700000011.500000) can0 0x200#16112233
(1700000011.500000) can0 0x500#03
(1700000011.510000) can0 0x100#0F00AA55
(1700000011.520000) can0 0x100#0000AA55
(1700000011.530000) can0 0x100#0100AA55
(1700000011.540000) can0 0x100#0200AA55
(1700000011.550000) can0 0x100#0300AA55
(1700000011.550000) can0 0x200#17112233
(1700000011.560000) can0 0x100#0400AA55
(1700000011.570000) can0 0x100#0500AA55
(1700000011.580000) can0 0x100#0600AA55
(1700000011.590000) can0 0x100#0700AA55
(1700000011.600000) can0 0x100#0800AA55
(1700000011.600000) can0 0x200#18112233
(1700000011.600000) can0 0x500#04
(1700000011.610000) can0 0x100#0900AA55
(1700000011.620000) can0 0x100#0A00AA55
(1700000011.630000) can0 0x100#0B00AA55
(1700000011.640000) can0 0x100#0C00AA55
(1700000011.650000) can0 0x100#0D00AA55
(1700000011.650000) can0 0x200#19112233
(1700000011.660000) can0 0x100#0E00AA55
(1700000011.670000) can0 0x100#0F00AA55
(1700000011.680000) can0 0x100#0000AA55
(1700000011.690000) can0 0x100#0100AA55
(1700000011.700000) can0 0x100#0200AA55
(1700000011.700000) can0 0x200#1A112233
(1700000011.700000) can0 0x500#05
(1700000011.710000) can0 0x100#0300AA55
(1700000011.720000) can0 0x100#0400AA55
(1700000011.730000) can0 0x100#0500AA55
(1700000011.740000) can0 0x100#0600AA55
(1700000011.750000) can0 0x100#0700AA55
(1700000011.750000) can0 0x200#1B112233
(1700000011.760000) can0 0x100#0800AA55
(1700000011.770000) can0 0x100#0900AA55
(1700000011.780000) can0 0x100#0A00AA55
(1700000011.790000) can0 0x100#0B00AA55
(1700000011.800000) can0 0x100#0C00AA55
(1700000011.800000) can0 0x200#1C112233
(1700000011.800000) can0 0x500#06
(1700000011.810000) can0 0x100#0D00AA55
(1700000011.820000) can0 0x100#0E00AA55
(1700000011.830000) can0 0x100#0F00AA55
(1700000011.840000) can0 0x100#0000AA55
(1700000011.850000) can0 0x100#0100AA55
(1700000011.850000) can0 0x200#1D112233
(1700000011.860000) can0 0x100#0200AA55
(1700000011.870000) can0 0x100#0300AA55
(1700000011.880000) can0 0x100#0400AA55
(1700000011.890000) can0 0x100#0500AA55
(1700000011.900000) can0 0x100#0600AA55
(1700000011.900000) can0 0x200#1E112233
(1700000011.900000) can0 0x500#07
(1700000011.910000) can0 0x100#0700AA55
(1700000011.920000) can0 0x100#0800AA55
(1700000011.930000) can0 0x100#0900AA55
(1700000011.940000) can0 0x100#0A00AA55
(1700000011.950000) can0 0x100#0B00AA55
(1700000011.950000) can0 0x200#1F112233
(1700000011.960000) can0 0x100#0C00AA55
(1700000011.970000) can0 0x100#0D00AA55
(1700000011.980000) can0 0x100#0E00AA55
(1700000011.990000) can0 0x100#0F00AA55
(1700000012.000000) can0 0x100#0000AA55
(1700000012.000000) can0 0x200#1F112233
(1700000012.000000) can0 0x500#08
(1700000012.003000) can0 0x200#FF112233
(1700000012.010000) can0 0x100#0100AA55
(1700000012.020000) can0 0x100#0200AA55
(1700000012.030000) can0 0x100#0300AA55
(1700000012.040000) can0 0x100#0400AA55
(1700000012.050000) can0 0x100#0500AA55
(1700000012.050000) can0 0x200#1E112233
(1700000012.060000) can0 0x100#0600AA55
(1700000012.070000) can0 0x100#0700AA55
(1700000012.080000) can0 0x100#0800AA55
(1700000012.090000) can0 0x100#0900AA55
(1700000012.100000) can0 0x100#0A00AA55
(1700000012.100000) can0 0x200#1D112233
(1700000012.100000) can0 0x500#09
(1700000012.110000) can0 0x100#0B00AA55
(1700000012.120000) can0 0x100#0C00AA55
(1700000012.130000) can0 0x100#0D00AA55
(1700000012.140000) can0 0x100#0E00AA55
(1700000012.150000) can0 0x100#0F00AA55
(1700000012.150000) can0 0x200#1C112233
(1700000012.160000) can0 0x100#0000AA55
(1700000012.170000) can0 0x100#0100AA55
(1700000012.180000) can0 0x100#0200AA55
(1700000012.190000) can0 0x100#0300AA55
(1700000012.200000) can0 0x100#0400AA55
(1700000012.200000) can0 0x200#1B112233
(1700000012.200000) can0 0x500#0A
(1700000012.210000) can0 0x100#0500AA55
(1700000012.220000) can0 0x100#0600AA55
(1700000012.230000) can0 0x100#0700AA55
(1700000012.240000) can0 0x100#0800AA55
(1700000012.250000) can0 0x100#0900AA55
(1700000012.250000) can0 0x200#1A112233
(1700000012.260000) can0 0x100#0A00AA55
(1700000012.270000) can0 0x100#0B00AA55
(1700000012.280000) can0 0x100#0C00AA55
(1700000012.290000) can0 0x100#0D00AA55
(1700000012.300000) can0 0x100#0E00AA55
(1700000012.300000) can0 0x200#19112233
(1700000012.300000) can0 0x500#0B
(1700000012.310000) can0 0x100#0F00AA55
(1700000012.320000) can0 0x100#0000AA55
(1700000012.330000) can0 0x100#0100AA55
(1700000012.340000) can0 0x100#0200AA55
(1700000012.350000) can0 0x100#0300AA55
(1700000012.350000) can0 0x200#18112233
(1700000012.360000) can0 0x100#0400AA55
(1700000012.370000) can0 0x100#0500AA55
(1700000012.380000) can0 0x100#0600AA55
(1700000012.390000) can0 0x100#0700AA55
(1700000012.400000) can0 0x100#0800AA55
(1700000012.400000) can0 0x200#17112233
(1700000012.400000) can0 0x500#0C
(1700000012.410000) can0 0x100#0900AA55
(1700000012.420000) can0 0x100#0A00AA55
(1700000012.430000) can0 0x100#0B00AA55
(1700000012.440000) can0 0x100#0C00AA55
(1700000012.450000) can0 0x100#0D00AA55
(1700000012.450000) can0 0x200#16112233
(1700000012.460000) can0 0x100#0E00AA55
(1700000012.470000) can0 0x100#0F00AA55
(1700000012.480000) can0 0x100#0000AA55
(1700000012.490000) can0 0x100#0100AA55
(1700000012.500000) can0 0x100#0200AA55
(1700000012.500000) can0 0x200#15112233
(1700000012.500000) can0 0x500#0D
(1700000012.510000) can0 0x100#0300AA55
(1700000012.520000) can0 0x100#0400AA55
(1700000012.530000) can0 0x100#0500AA55
(1700000012.540000) can0 0x100#0600AA55
(1700000012.550000) can0 0x100#0700AA55
(1700000012.550000) can0 0x200#14112233
(1700000012.560000) can0 0x100#0800AA55
(1700000012.570000) can0 0x100#0900AA55
(1700000012.580000) can0 0x100#0A00AA55
(1700000012.590000) can0 0x100#0B00AA55
(1700000012.600000) can0 0x100#0C00AA55
(1700000012.600000) can0 0x200#13112233
(1700000012.600000) can0 0x500#0E
(1700000012.610000) can0 0x100#0D00AA55
(1700000012.620000) can0 0x100#0E00AA55
(1700000012.630000) can0 0x100#0F00AA55
(1700000012.640000) can0 0x100#0000AA55
(1700000012.650000) can0 0x100#0100AA55
(1700000012.650000) can0 0x200#12112233
(1700000012.660000) can0 0x100#0200AA55
(1700000012.670000) can0 0x100#0300AA55
(1700000012.680000) can0 0x100#0400AA55
(1700000012.690000) can0 0x100#0500AA55
(1700000012.700000) can0 0x100#0600AA55
(1700000012.700000) can0 0x200#11112233
(1700000012.700000) can0 0x500#0F
(1700000012.710000) can0 0x100#0700AA55
(1700000012.720000) can0 0x100#0800AA55
(1700000012.730000) can0 0x100#0900AA55
(1700000012.740000) can0 0x100#0A00AA55
(1700000012.750000) can0 0x100#0B00AA55
(1700000012.750000) can0 0x200#10112233
(1700000012.760000) can0 0x100#0C00AA55
(1700000012.770000) can0 0x100#0D00AA55
(1700000012.780000) can0 0x100#0E00AA55
(1700000012.790000) can0 0x100#0F00AA55
(1700000012.800000) can0 0x100#0000AA55
(1700000012.800000) can0 0x200#10112233
(1700000012.800000) can0 0x500#00
(1700000012.810000) can0 0x100#0100AA55
(1700000012.820000) can0 0x100#0200AA55
(1700000012.830000) can0 0x100#0300AA55
(1700000012.840000) can0 0x100#0400AA55
(1700000012.850000) can0 0x100#0500AA55
(1700000012.850000) can0 0x200#11112233
(1700000012.860000) can0 0x100#0600AA55
(1700000012.870000) can0 0x100#0700AA55
(1700000012.880000) can0 0x100#0800AA55
(1700000012.890000) can0 0x100#0900AA55
(1700000012.900000) can0 0x100#0A00AA55
(1700000012.900000) can0 0x200#12112233
(1700000012.900000) can0 0x500#01
(1700000012.910000) can0 0x100#0B00AA55
(1700000012.920000) can0 0x100#0C00AA55
(1700000012.930000) can0 0x100#0D00AA55
(1700000012.940000) can0 0x100#0E00AA55
(1700000012.950000) can0 0x100#0F00AA55
(1700000012.950000) can0 0x200#13112233
(1700000012.960000) can0 0x100#0000AA55
(1700000012.970000) can0 0x100#0100AA55
(1700000012.980000) can0 0x100#0200AA55
(1700000012.990000) can0 0x100#0300AA55
(1700000013.000000) can0 0x100#0400AA55
(1700000013.000000) can0 0x200#14112233
(1700000013.000000) can0 0x500#02
(1700000013.010000) can0 0x100#0500AA55
(1700000013.020000) can0 0x100#0600AA55
(1700000013.030000) can0 0x100#0700AA55
(1700000013.040000) can0 0x100#0800AA55
(1700000013.050000) can0 0x100#0900AA55
(1700000013.050000) can0 0x200#15112233
(1700000013.060000) can0 0x100#0A00AA55
(1700000013.070000) can0 0x100#0B00AA55
(1700000013.080000) can0 0x100#0C00AA55
(1700000013.090000) can0 0x100#0D00AA55
(1700000013.100000) can0 0x100#0E00AA55
(1700000013.100000) can0 0x200#16112233
(1700000013.100000) can0 0x500#03
(1700000013.110000) can0 0x100#0F00AA55
(1700000013.120000) can0 0x100#0000AA55
(1700000013.130000) can0 0x100#0100AA55
(1700000013.140000) can0 0x100#0200AA55
(1700000013.150000) can0 0x100#0300AA55
(1700000013.150000) can0 0x200#17112233
(1700000013.160000) can0 0x100#0400AA55
(1700000013.170000) can0 0x100#0500AA55
(1700000013.180000) can0 0x100#0600AA55
(1700000013.190000) can0 0x100#0700AA55
(1700000013.200000) can0 0x100#0800AA55
(1700000013.200000) can0 0x200#18112233
(1700000013.200000) can0 0x500#04
(1700000013.210000) can0 0x100#0900AA55
(1700000013.220000) can0 0x100#0A00AA55
(1700000013.230000) can0 0x100#0B00AA55
(1700000013.240000) can0 0x100#0C00AA55
(1700000013.250000) can0 0x100#0D00AA55
(1700000013.250000) can0 0x200#19112233
(1700000013.260000) can0 0x100#0E00AA55
(1700000013.270000) can0 0x100#0F00AA55
(1700000013.280000) can0 0x100#0000AA55
(1700000013.290000) can0 0x100#0100AA55
(1700000013.300000) can0 0x100#0200AA55
(1700000013.300000) can0 0x200#1A112233
(1700000013.300000) can0 0x500#05
(1700000013.310000) can0 0x100#0300AA55
(1700000013.320000) can0 0x100#0400AA55
(1700000013.330000) can0 0x100#0500AA55
(1700000013.340000) can0 0x100#0600AA55
(1700000013.350000) can0 0x100#0700AA55
(1700000013.350000) can0 0x200#1B112233
(1700000013.360000) can0 0x100#0800AA55
(1700000013.370000) can0 0x100#0900AA55
(1700000013.380000) can0 0x100#0A00AA55
(1700000013.390000) can0 0x100#0B00AA55
(1700000013.400000) can0 0x100#0C00AA55
(1700000013.400000) can0 0x200#1C112233
(1700000013.400000) can0 0x500#06
(1700000013.410000) can0 0x100#0D00AA55
(1700000013.420000) can0 0x100#0E00AA55
(1700000013.430000) can0 0x100#0F00AA55
(1700000013.440000) can0 0x100#0000AA55
(1700000013.450000) can0 0x100#0100AA55
(1700000013.450000) can0 0x200#1D112233
(1700000013.460000) can0 0x100#0200AA55
(1700000013.470000) can0 0x100#0300AA55
(1700000013.480000) can0 0x100#0400AA55
(1700000013.490000) can0 0x100#0500AA55
(1700000013.500000) can0 0x100#0600AA55
(1700000013.500000) can0 0x200#1E112233
(1700000013.500000) can0 0x500#07
(1700000013.510000) can0 0x100#0700AA55
(1700000013.520000) can0 0x100#0800AA55
(1700000013.530000) can0 0x100#0900AA55
(1700000013.540000) can0 0x100#0A00AA55
(1700000013.550000) can0 0x100#0B00AA55
(1700000013.550000) can0 0x200#1F112233
(1700000013.560000) can0 0x100#0C00AA55
(1700000013.570000) can0 0x100#0D00AA55
(1700000013.580000) can0 0x100#0E00AA55
(1700000013.590000) can0 0x100#0F00AA55
(1700000013.600000) can0 0x100#0000AA55
(1700000013.600000) can0 0x200#1F112233
(1700000013.600000) can0 0x500#08
(1700000013.610000) can0 0x100#0100AA55
(1700000013.620000) can0 0x100#0200AA55
(1700000013.630000) can0 0x100#0300AA55
(1700000013.640000) can0 0x100#0400AA55
(1700000013.650000) can0 0x100#0500AA55
(1700000013.650000) can0 0x200#1E112233
(1700000013.660000) can0 0x100#0600AA55
(1700000013.670000) can0 0x100#0700AA55
(1700000013.680000) can0 0x100#0800AA55
(1700000013.690000) can0 0x100#0900AA55
(1700000013.700000) can0 0x100#0A00AA55
(1700000013.700000) can0 0x200#1D112233
(1700000013.700000) can0 0x500#09
(1700000013.710000) can0 0x100#0B00AA55
(1700000013.720000) can0 0x100#0C00AA55
(1700000013.730000) can0 0x100#0D00AA55
(1700000013.740000) can0 0x100#0E00AA55
(1700000013.750000) can0 0x100#0F00AA55
(1700000013.750000) can0 0x200#1C112233
(1700000013.760000) can0 0x100#0000AA55
(1700000013.770000) can0 0x100#0100AA55
(1700000013.780000) can0 0x100#0200AA55
(1700000013.790000) can0 0x100#0300AA55
(1700000013.800000) can0 0x100#0400AA55
(1700000013.800000) can0 0x200#1B112233
(1700000013.800000) can0 0x500#0A
(1700000013.810000) can0 0x100#0500AA55
(1700000013.820000) can0 0x100#0600AA55
(1700000013.830000) can0 0x100#0700AA55
(1700000013.840000) can0 0x100#0800AA55
(1700000013.850000) can0 0x100#0900AA55
(1700000013.850000) can0 0x200#1A112233
(1700000013.860000) can0 0x100#0A00AA55
(1700000013.870000) can0 0x100#0B00AA55
(1700000013.880000) can0 0x100#0C00AA55
(1700000013.890000) can0 0x100#0D00AA55
(1700000013.900000) can0 0x100#0E00AA55
(1700000013.900000) can0 0x200#19112233
(1700000013.900000) can0 0x500#0B
(1700000013.910000) can0 0x100#0F00AA55
(1700000013.920000) can0 0x100#0000AA55
(1700000013.930000) can0 0x100#0100AA55
(1700000013.940000) can0 0x100#0200AA55
(1700000013.950000) can0 0x100#0300AA55
(1700000013.950000) can0 0x200#18112233
(1700000013.960000) can0 0x100#0400AA55
(1700000013.970000) can0 0x100#0500AA55
(1700000013.980000) can0 0x100#0600AA55
(1700000013.990000) can0 0x100#0700AA55
(1700000014.000000) can0 0x100#0800AA55
(1700000014.000000) can0 0x200#17112233
(1700000014.000000) can0 0x500#0C
(1700000014.010000) can0 0x100#0900AA55
(1700000014.020000) can0 0x100#0A00AA55
(1700000014.030000) can0 0x100#0B00AA55
(1700000014.040000) can0 0x100#0C00AA55
(1700000014.050000) can0 0x100#0D00AA55
(1700000014.050000) can0 0x200#16112233
(1700000014.060000) can0 0x100#0E00AA55
(1700000014.070000) can0 0x100#0F00AA55
(1700000014.080000) can0 0x100#0000AA55
(1700000014.090000) can0 0x100#0100AA55
(1700000014.100000) can0 0x100#0200AA55
(1700000014.100000) can0 0x200#15112233
(1700000014.100000) can0 0x500#0D
(1700000014.110000) can0 0x100#0300AA55
(1700000014.120000) can0 0x100#0400AA55
(1700000014.130000) can0 0x100#0500AA55
(1700000014.140000) can0 0x100#0600AA55
(1700000014.150000) can0 0x100#0700AA55
(1700000014.150000) can0 0x200#14112233
(1700000014.160000) can0 0x100#0800AA55
(1700000014.170000) can0 0x100#0900AA55
(1700000014.180000) can0 0x100#0A00AA55
(1700000014.190000) can0 0x100#0B00AA55
(1700000014.200000) can0 0x100#0C00AA55
(1700000014.200000) can0 0x200#13112233
(1700000014.200000) can0 0x500#0E
(1700000014.210000) can0 0x100#0D00AA55
(1700000014.220000) can0 0x100#0E00AA55
(1700000014.230000) can0 0x100#0F00AA55
(1700000014.240000) can0 0x100#0000AA55
(1700000014.250000) can0 0x100#0100AA55
(1700000014.250000) can0 0x200#12112233
(1700000014.260000) can0 0x100#0200AA55
(1700000014.270000) can0 0x100#0300AA55
(1700000014.280000) can0 0x100#0400AA55
(1700000014.290000) can0 0x100#0500AA55
(1700000014.300000) can0 0x100#0600AA55
(1700000014.300000) can0 0x200#11112233
(1700000014.300000) can0 0x500#0F
(1700000014.310000) can0 0x100#0700AA55
(1700000014.320000) can0 0x100#0800AA55
(1700000014.330000) can0 0x100#0900AA55
(1700000014.340000) can0 0x100#0A00AA55
(1700000014.350000) can0 0x100#0B00AA55
(1700000014.350000) can0 0x200#10112233
(1700000014.360000) can0 0x100#0C00AA55
(1700000014.370000) can0 0x100#0D00AA55
(1700000014.380000) can0 0x100#0E00AA55
(1700000014.390000) can0 0x100#0F00AA55
(1700000014.400000) can0 0x100#0000AA55
(1700000014.400000) can0 0x200#10112233
(1700000014.400000) can0 0x500#00
(1700000014.410000) can0 0x100#0100AA55
(1700000014.420000) can0 0x100#0200AA55
(1700000014.430000) can0 0x100#0300AA55
(1700000014.440000) can0 0x100#0400AA55
(1700000014.450000) can0 0x100#0500AA55
(1700000014.450000) can0 0x200#11112233
(1700000014.460000) can0 0x100#0600AA55
(1700000014.470000) can0 0x100#0700AA55
(1700000014.480000) can0 0x100#0800AA55
(1700000014.490000) can0 0x100#0900AA55
(1700000014.500000) can0 0x100#0A00AA55
(1700000014.500000) can0 0x200#12112233
(1700000014.500000) can0 0x500#01
(1700000014.510000) can0 0x100#0B00AA55
(1700000014.520000) can0 0x100#0C00AA55
(1700000014.530000) can0 0x100#0D00AA55
(1700000014.540000) can0 0x100#0E00AA55
(1700000014.550000) can0 0x100#0F00AA55
(1700000014.550000) can0 0x200#13112233
(1700000014.560000) can0 0x100#0000AA55
(1700000014.570000) can0 0x100#0100AA55
(1700000014.580000) can0 0x100#0200AA55
(1700000014.590000) can0 0x100#0300AA55
(1700000014.600000) can0 0x100#0400AA55
(1700000014.600000) can0 0x200#14112233
(1700000014.600000) can0 0x500#02
(1700000014.610000) can0 0x100#0500AA55
(1700000014.620000) can0 0x100#0600AA55
(1700000014.630000) can0 0x100#0700AA55
(1700000014.640000) can0 0x100#0800AA55
(1700000014.650000) can0 0x100#0900AA55
(1700000014.650000) can0 0x200#15112233
(1700000014.660000) can0 0x100#0A00AA55
(1700000014.670000) can0 0x100#0B00AA55
(1700000014.680000) can0 0x100#0C00AA55
(1700000014.690000) can0 0x100#0D00AA55
(1700000014.700000) can0 0x100#0E00AA55
(1700000014.700000) can0 0x200#16112233
(1700000014.700000) can0 0x500#03
(1700000014.710000) can0 0x100#0F00AA55
(1700000014.720000) can0 0x100#0000AA55
(1700000014.730000) can0 0x100#0100AA55
(1700000014.740000) can0 0x100#0200AA55
(1700000014.750000) can0 0x100#0300AA55
(1700000014.750000) can0 0x200#17112233
(1700000014.760000) can0 0x100#0400AA55
(1700000014.770000) can0 0x100#0500AA55
(1700000014.780000) can0 0x100#0600AA55
(1700000014.790000) can0 0x100#0700AA55
(1700000014.800000) can0 0x100#0800AA55
(1700000014.800000) can0 0x200#18112233
(1700000014.800000) can0 0x500#04
(1700000014.810000) can0 0x100#0900AA55
(1700000014.820000) can0 0x100#0A00AA55
(1700000014.830000) can0 0x100#0B00AA55
(1700000014.840000) can0 0x100#0C00AA55
(1700000014.850000) can0 0x100#0D00AA55
(1700000014.850000) can0 0x200#19112233
(1700000014.860000) can0 0x100#0E00AA55
(1700000014.870000) can0 0x100#0F00AA55
(1700000014.880000) can0 0x100#0000AA55
(1700000014.890000) can0 0x100#0100AA55
(1700000014.900000) can0 0x100#0200AA55
(1700000014.900000) can0 0x200#1A112233
(1700000014.900000) can0 0x500#05
(1700000014.910000) can0 0x100#0300AA55
(1700000014.920000) can0 0x100#0400AA55
(1700000014.930000) can0 0x100#0500AA55
(1700000014.940000) can0 0x100#0600AA55
(1700000014.950000) can0 0x100#0700AA55
(1700000014.950000) can0 0x200#1B112233
(1700000014.960000) can0 0x100#0800AA55
(1700000014.970000) can0 0x100#0900AA55
(1700000014.980000) can0 0x100#0A00AA55
(1700000014.990000) can0 0x100#0B00AA55
(1700000015.000000) can0 0x100#0C00AA55
(1700000015.000000) can0 0x200#1C112233
(1700000015.000000) can0 0x500#06
(1700000015.010000) can0 0x100#0D00AA55
(1700000015.020000) can0 0x100#0E00AA55
(1700000015.030000) can0 0x100#0F00AA55
(1700000015.040000) can0 0x100#0000AA55
(1700000015.050000) can0 0x100#0100AA55
(1700000015.050000) can0 0x200#1D112233
(1700000015.060000) can0 0x100#0200AA55
(1700000015.070000) can0 0x100#0300AA55
(1700000015.080000) can0 0x100#0400AA55
(1700000015.090000) can0 0x100#0500AA55
(1700000015.100000) can0 0x100#0600AA55
(1700000015.100000) can0 0x200#1E112233
(1700000015.100000) can0 0x500#07
(1700000015.110000) can0 0x100#0700AA55
(1700000015.120000) can0 0x100#0800AA55
(1700000015.130000) can0 0x100#0900AA55
(1700000015.140000) can0 0x100#0A00AA55
(1700000015.150000) can0 0x100#0B00AA55
(1700000015.150000) can0 0x200#1F112233
(1700000015.160000) can0 0x100#0C00AA55
(1700000015.170000) can0 0x100#0D00AA55
(1700000015.180000) can0 0x100#0E00AA55
(1700000015.190000) can0 0x100#0F00AA55
(1700000015.200000) can0 0x100#0000AA55
(1700000015.200000) can0 0x200#1F112233
(1700000015.200000) can0 0x500#08
(1700000015.210000) can0 0x100#0100AA55
(1700000015.220000) can0 0x100#0200AA55
(1700000015.230000) can0 0x100#0300AA55
(1700000015.240000) can0 0x100#0400AA55
(1700000015.250000) can0 0x100#0500AA55
(1700000015.250000) can0 0x200#1E112233
(1700000015.260000) can0 0x100#0600AA55
(1700000015.270000) can0 0x100#0700AA55
(1700000015.280000) can0 0x100#0800AA55
(1700000015.290000) can0 0x100#0900AA55
(1700000015.300000) can0 0x100#0A00AA55
(1700000015.300000) can0 0x200#1D112233
(1700000015.300000) can0 0x500#09
(1700000015.310000) can0 0x100#0B00AA55
(1700000015.320000) can0 0x100#0C00AA55
(1700000015.330000) can0 0x100#0D00AA55
(1700000015.340000) can0 0x100#0E00AA55
(1700000015.350000) can0 0x100#0F00AA55
(1700000015.350000) can0 0x200#1C112233
(1700000015.360000) can0 0x100#0000AA55
(1700000015.370000) can0 0x100#0100AA55
(1700000015.380000) can0 0x100#0200AA55
(1700000015.390000) can0 0x100#0300AA55
(1700000015.400000) can0 0x100#0400AA55
(1700000015.400000) can0 0x200#1B112233
(1700000015.400000) can0 0x500#0A
(1700000015.410000) can0 0x100#0500AA55
(1700000015.420000) can0 0x100#0600AA55
(1700000015.430000) can0 0x100#0700AA55
(1700000015.440000) can0 0x100#0800AA55
(1700000015.450000) can0 0x100#0900AA55
(1700000015.450000) can0 0x200#1A112233
(1700000015.460000) can0 0x100#0A00AA55
(1700000015.470000) can0 0x100#0B00AA55
(1700000015.480000) can0 0x100#0C00AA55
(1700000015.490000) can0 0x100#0D00AA55
(1700000015.500000) can0 0x100#0E00AA55
(1700000015.500000) can0 0x200#19112233
(1700000015.500000) can0 0x500#0B
(1700000015.510000) can0 0x100#0F00AA55
(1700000015.520000) can0 0x100#0000AA55
(1700000015.530000) can0 0x100#0100AA55
(1700000015.540000) can0 0x100#0200AA55
(1700000015.550000) can0 0x100#0300AA55
(1700000015.550000) can0 0x200#18112233
(1700000015.560000) can0 0x100#0400AA55
(1700000015.570000) can0 0x100#0500AA55
(1700000015.580000) can0 0x100#0600AA55
(1700000015.590000) can0 0x100#0700AA55
(1700000015.600000) can0 0x100#0800AA55
(1700000015.600000) can0 0x200#17112233
(1700000015.600000) can0 0x500#0C
(1700000015.610000) can0 0x100#0900AA55
(1700000015.620000) can0 0x100#0A00AA55
(1700000015.630000) can0 0x100#0B00AA55
(1700000015.640000) can0 0x100#0C00AA55
(1700000015.650000) can0 0x100#0D00AA55
(1700000015.650000) can0 0x200#16112233
(1700000015.660000) can0 0x100#0E00AA55
(1700000015.670000) can0 0x100#0F00AA55
(1700000015.680000) can0 0x100#0000AA55
(1700000015.690000) can0 0x100#0100AA55
(1700000015.700000) can0 0x100#0200AA55
(1700000015.700000) can0 0x200#15112233
(1700000015.700000) can0 0x500#0D
(1700000015.710000) can0 0x100#0300AA55
(1700000015.720000) can0 0x100#0400AA55
(1700000015.730000) can0 0x100#0500AA55
(1700000015.740000) can0 0x100#0600AA55
(1700000015.750000) can0 0x100#0700AA55
(1700000015.750000) can0 0x200#14112233
(1700000015.760000) can0 0x100#0800AA55
(1700000015.770000) can0 0x100#0900AA55
(1700000015.780000) can0 0x100#0A00AA55
(1700000015.790000) can0 0x100#0B00AA55
(1700000015.800000) can0 0x100#0C00AA55
(1700000015.800000) can0 0x200#13112233
(1700000015.800000) can0 0x500#0E
(1700000015.810000) can0 0x100#0D00AA55
(1700000015.820000) can0 0x100#0E00AA55
(1700000015.830000) can0 0x100#0F00AA55
(1700000015.840000) can0 0x100#0000AA55
(1700000015.850000) can0 0x100#0100AA55
(1700000015.850000) can0 0x200#12112233
(1700000015.860000) can0 0x100#0200AA55
(1700000015.870000) can0 0x100#0300AA55
(1700000015.880000) can0 0x100#0400AA55
(1700000015.890000) can0 0x100#0500AA55
(1700000015.900000) can0 0x100#0600AA55
(1700000015.900000) can0 0x200#11112233
(1700000015.900000) can0 0x500#0F
(1700000015.910000) can0 0x100#0700AA55
(1700000015.920000) can0 0x100#0800AA55
(1700000015.930000) can0 0x100#0900AA55
(1700000015.940000) can0 0x100#0A00AA55
(1700000015.950000) can0 0x100#0B00AA55
(1700000015.950000) can0 0x200#10112233
(1700000015.960000) can0 0x100#0C00AA55
(1700000015.970000) can0 0x100#0D00AA55
(1700000015.980000) can0 0x100#0E00AA55
(1700000015.990000) can0 0x100#0F00AA55
(1700000016.000000) can0 0x100#0000AA55
(1700000016.000000) can0 0x200#10112233
(1700000016.000000) can0 0x500#00
(1700000016.000000) can0 0x300#00
(1700000016.010000) can0 0x100#0100AA55
(1700000016.010000) can0 0x300#01
(1700000016.020000) can0 0x100#0200AA55
(1700000016.020000) can0 0x300#00
(1700000016.030000) can0 0x100#0300AA55
(1700000016.030000) can0 0x300#01
(1700000016.040000) can0 0x100#0400AA55
(1700000016.040000) can0 0x300#00
(1700000016.050000) can0 0x100#0500AA55
(1700000016.050000) can0 0x200#11112233
(1700000016.050000) can0 0x300#01
(1700000016.060000) can0 0x100#0600AA55
(1700000016.060000) can0 0x300#00
(1700000016.070000) can0 0x100#0700AA55
(1700000016.070000) can0 0x300#01
(1700000016.080000) can0 0x300#00
(1700000016.080000) can0 0x100#0800AA55
(1700000016.090000) can0 0x100#0900AA55
(1700000016.090000) can0 0x300#01
(1700000016.100000) can0 0x100#0A00AA55
(1700000016.100000) can0 0x200#12112233
(1700000016.100000) can0 0x500#01
(1700000016.100000) can0 0x300#00
(1700000016.110000) can0 0x100#0B00AA55
(1700000016.110000) can0 0x300#01
(1700000016.120000) can0 0x100#0C00AA55
(1700000016.120000) can0 0x300#00
(1700000016.130000) can0 0x100#0D00AA55
(1700000016.130000) can0 0x300#01
(1700000016.140000) can0 0x100#0E00AA55
(1700000016.140000) can0 0x300#00
(1700000016.150000) can0 0x100#0F00AA55
(1700000016.150000) can0 0x200#13112233
(1700000016.150000) can0 0x300#01
(1700000016.160000) can0 0x100#0000AA55
(1700000016.160000) can0 0x300#00
(1700000016.170000) can0 0x100#0100AA55
(1700000016.170000) can0 0x300#01
(1700000016.180000) can0 0x100#0200AA55
(1700000016.180000) can0 0x300#00
(1700000016.190000) can0 0x100#0300AA55
(1700000016.190000) can0 0x300#01
(1700000016.200000) can0 0x100#0400AA55
(1700000016.200000) can0 0x200#14112233
(1700000016.200000) can0 0x500#02
(1700000016.200000) can0 0x300#00
(1700000016.210000) can0 0x100#0500AA55
(1700000016.210000) can0 0x300#01
(1700000016.220000) can0 0x100#0600AA55
(1700000016.220000) can0 0x300#00
(1700000016.230000) can0 0x100#0700AA55
(1700000016.230000) can0 0x300#01
(1700000016.240000) can0 0x300#00
(1700000016.240000) can0 0x100#0800AA55
(1700000016.250000) can0 0x100#0900AA55
(1700000016.250000) can0 0x200#15112233
(1700000016.250000) can0 0x300#01
(1700000016.260000) can0 0x100#0A00AA55
(1700000016.260000) can0 0x300#00
(1700000016.270000) can0 0x100#0B00AA55
(1700000016.270000) can0 0x300#01
(1700000016.280000) can0 0x100#0C00AA55
(1700000016.280000) can0 0x300#00
(1700000016.290000) can0 0x100#0D00AA55
(1700000016.290000) can0 0x300#01
(1700000016.300000) can0 0x100#0E00AA55
(1700000016.300000) can0 0x200#16112233
(1700000016.300000) can0 0x500#03
(1700000016.300000) can0 0x300#00
(1700000016.310000) can0 0x100#0F00AA55
(1700000016.310000) can0 0x300#01
(1700000016.320000) can0 0x100#0000AA55
(1700000016.320000) can0 0x300#00
(1700000016.330000) can0 0x300#01
(1700000016.330000) can0 0x100#0100AA55
(1700000016.340000) can0 0x100#0200AA55
(1700000016.340000) can0 0x300#00
(1700000016.350000) can0 0x100#0300AA55
(1700000016.350000) can0 0x200#17112233
(1700000016.350000) can0 0x300#01
(1700000016.360000) can0 0x100#0400AA55
(1700000016.360000) can0 0x300#00
(1700000016.370000) can0 0x100#0500AA55
(1700000016.370000) can0 0x300#01
(1700000016.380000) can0 0x100#0600AA55
(1700000016.380000) can0 0x300#00
(1700000016.390000) can0 0x100#0700AA55
(1700000016.390000) can0 0x300#01
(1700000016.400000) can0 0x100#0800AA55
(1700000016.400000) can0 0x200#18112233
(1700000016.400000) can0 0x500#04
(1700000016.410000) can0 0x100#0900AA55
(1700000016.420000) can0 0x100#0A00AA55
(1700000016.430000) can0 0x100#0B00AA55
(1700000016.440000) can0 0x100#0C00AA55
(1700000016.450000) can0 0x100#0D00AA55
(1700000016.450000) can0 0x200#19112233
(1700000016.460000) can0 0x100#0E00AA55
(1700000016.470000) can0 0x100#0F00AA55
(1700000016.480000) can0 0x100#0000AA55
(1700000016.490000) can0 0x100#0100AA55
(1700000016.500000) can0 0x100#0200AA55
(1700000016.500000) can0 0x200#1A112233
(1700000016.500000) can0 0x500#05
(1700000016.510000) can0 0x100#0300AA55
(1700000016.520000) can0 0x100#0400AA55
(1700000016.530000) can0 0x100#0500AA55
(1700000016.540000) can0 0x100#0600AA55
(1700000016.550000) can0 0x100#0700AA55
(1700000016.550000) can0 0x200#1B112233
(1700000016.560000) can0 0x100#0800AA55
(1700000016.570000) can0 0x100#0900AA55
(1700000016.580000) can0 0x100#0A00AA55
(1700000016.590000) can0 0x100#0B00AA55
(1700000016.600000) can0 0x100#0C00AA55
(1700000016.600000) can0 0x200#1C112233
(1700000016.600000) can0 0x500#06
(1700000016.610000) can0 0x100#0D00AA55
(1700000016.620000) can0 0x100#0E00AA55
(1700000016.630000) can0 0x100#0F00AA55
(1700000016.640000) can0 0x100#0000AA55
(1700000016.650000) can0 0x100#0100AA55
(1700000016.650000) can0 0x200#1D112233
(1700000016.660000) can0 0x100#0200AA55
(1700000016.670000) can0 0x100#0300AA55
(1700000016.680000) can0 0x100#0400AA55
(1700000016.690000) can0 0x100#0500AA55
(1700000016.700000) can0 0x100#0600AA55
(1700000016.700000) can0 0x200#1E112233
(1700000016.700000) can0 0x500#07
(1700000016.710000) can0 0x100#0700AA55
(1700000016.720000) can0 0x100#0800AA55
(1700000016.730000) can0 0x100#0900AA55
(1700000016.740000) can0 0x100#0A00AA55
(1700000016.750000) can0 0x100#0B00AA55
(1700000016.750000) can0 0x200#1F112233
(1700000016.760000) can0 0x100#0C00AA55
(1700000016.770000) can0 0x100#0D00AA55
(1700000016.780000) can0 0x100#0E00AA55
(1700000016.790000) can0 0x100#0F00AA55
(1700000016.800000) can0 0x100#0000AA55
(1700000016.800000) can0 0x200#1F112233
(1700000016.800000) can0 0x500#08
(1700000016.810000) can0 0x100#0100AA55
(1700000016.820000) can0 0x100#0200AA55
(1700000016.830000) can0 0x100#0300AA55
(1700000016.840000) can0 0x100#0400AA55
(1700000016.850000) can0 0x100#0500AA55
(1700000016.850000) can0 0x200#1E112233
(1700000016.860000) can0 0x100#0600AA55
(1700000016.870000) can0 0x100#0700AA55
(1700000016.880000) can0 0x100#0800AA55
(1700000016.890000) can0 0x100#0900AA55
(1700000016.900000) can0 0x100#0A00AA55
(1700000016.900000) can0 0x200#1D112233
(1700000016.900000) can0 0x500#09
(1700000016.910000) can0 0x100#0B00AA55
(1700000016.920000) can0 0x100#0C00AA55
(1700000016.930000) can0 0x100#0D00AA55
(1700000016.940000) can0 0x100#0E00AA55
(1700000016.950000) can0 0x100#0F00AA55
(1700000016.950000) can0 0x200#1C112233
(1700000016.960000) can0 0x100#0000AA55
(1700000016.970000) can0 0x100#0100AA55
(1700000016.980000) can0 0x100#0200AA55
(1700000016.990000) can0 0x100#0300AA55
(1700000017.000000) can0 0x100#0400AA55
(1700000017.000000) can0 0x200#1B112233
(1700000017.000000) can0 0x500#0A
(1700000017.010000) can0 0x100#0500AA55
(1700000017.020000) can0 0x100#0600AA55
(1700000017.030000) can0 0x100#0700AA55
(1700000017.040000) can0 0x100#0800AA55
(1700000017.050000) can0 0x100#0900AA55
(1700000017.050000) can0 0x200#1A112233
(1700000017.060000) can0 0x100#0A00AA55
(1700000017.070000) can0 0x100#0B00AA55
(1700000017.080000) can0 0x100#0C00AA55
(1700000017.090000) can0 0x100#0D00AA55
(1700000017.100000) can0 0x100#0E00AA55
(1700000017.100000) can0 0x200#19112233
(1700000017.100000) can0 0x500#0B
(1700000017.110000) can0 0x100#0F00AA55
(1700000017.120000) can0 0x100#0000AA55
(1700000017.130000) can0 0x100#0100AA55
(1700000017.140000) can0 0x100#0200AA55
(1700000017.150000) can0 0x100#0300AA55
(1700000017.150000) can0 0x200#18112233
(1700000017.160000) can0 0x100#0400AA55
(1700000017.170000) can0 0x100#0500AA55
(1700000017.180000) can0 0x100#0600AA55
(1700000017.190000) can0 0x100#0700AA55
(1700000017.200000) can0 0x100#0800AA55
(1700000017.200000) can0 0x200#17112233
(1700000017.200000) can0 0x500#0C
(1700000017.210000) can0 0x100#0900AA55
(1700000017.220000) can0 0x100#0A00AA55
(1700000017.230000) can0 0x100#0B00AA55
(1700000017.240000) can0 0x100#0C00AA55
(1700000017.250000) can0 0x100#0D00AA55
(1700000017.250000) can0 0x200#16112233
(1700000017.260000) can0 0x100#0E00AA55
(1700000017.270000) can0 0x100#0F00AA55
(1700000017.280000) can0 0x100#0000AA55
(1700000017.290000) can0 0x100#0100AA55
(1700000017.300000) can0 0x100#0200AA55
(1700000017.300000) can0 0x200#15112233
(1700000017.300000) can0 0x500#0D
(1700000017.310000) can0 0x100#0300AA55
(1700000017.320000) can0 0x100#0400AA55
(1700000017.330000) can0 0x100#0500AA55
(1700000017.340000) can0 0x100#0600AA55
(1700000017.350000) can0 0x100#0700AA55
(1700000017.350000) can0 0x200#14112233
(1700000017.360000) can0 0x100#0800AA55
(1700000017.370000) can0 0x100#0900AA55
(1700000017.380000) can0 0x100#0A00AA55
(1700000017.390000) can0 0x100#0B00AA55
(1700000017.400000) can0 0x100#0C00AA55
(1700000017.400000) can0 0x200#13112233
(1700000017.400000) can0 0x500#0E
(1700000017.410000) can0 0x100#0D00AA55
(1700000017.420000) can0 0x100#0E00AA55
(1700000017.430000) can0 0x100#0F00AA55
(1700000017.440000) can0 0x100#0000AA55
(1700000017.450000) can0 0x100#0100AA55
(1700000017.450000) can0 0x200#12112233
(1700000017.460000) can0 0x100#0200AA55
(1700000017.470000) can0 0x100#0300AA55
(1700000017.480000) can0 0x100#0400AA55
(1700000017.490000) can0 0x100#0500AA55
(1700000017.500000) can0 0x100#0600AA55
(1700000017.500000) can0 0x200#11112233
(1700000017.500000) can0 0x500#0F
(1700000017.510000) can0 0x100#0700AA55
(1700000017.520000) can0 0x100#0800AA55
(1700000017.530000) can0 0x100#0900AA55
(1700000017.540000) can0 0x100#0A00AA55
(1700000017.550000) can0 0x100#0B00AA55
(1700000017.550000) can0 0x200#10112233
(1700000017.560000) can0 0x100#0C00AA55
(1700000017.570000) can0 0x100#0D00AA55
(1700000017.580000) can0 0x100#0E00AA55
(1700000017.590000) can0 0x100#0F00AA55
(1700000017.600000) can0 0x100#0000AA55
(1700000017.600000) can0 0x200#10112233
(1700000017.600000) can0 0x500#00
(1700000017.610000) can0 0x100#0100AA55
(1700000017.620000) can0 0x100#0200AA55
(1700000017.630000) can0 0x100#0300AA55
(1700000017.640000) can0 0x100#0400AA55
(1700000017.650000) can0 0x100#0500AA55
(1700000017.650000) can0 0x200#11112233
(1700000017.660000) can0 0x100#0600AA55
(1700000017.670000) can0 0x100#0700AA55
(1700000017.680000) can0 0x100#0800AA55
(1700000017.690000) can0 0x100#0900AA55
(1700000017.700000) can0 0x100#0A00AA55
(1700000017.700000) can0 0x200#12112233
(1700000017.700000) can0 0x500#01
(1700000017.710000) can0 0x100#0B00AA55
(1700000017.720000) can0 0x100#0C00AA55
(1700000017.730000) can0 0x100#0D00AA55
(1700000017.740000) can0 0x100#0E00AA55
(1700000017.750000) can0 0x100#0F00AA55
(1700000017.750000) can0 0x200#13112233
(1700000017.760000) can0 0x100#0000AA55
(1700000017.770000) can0 0x100#0100AA55
(1700000017.780000) can0 0x100#0200AA55
(1700000017.790000) can0 0x100#0300AA55
(1700000017.800000) can0 0x100#0400AA55
(1700000017.800000) can0 0x200#14112233
(1700000017.800000) can0 0x500#02
(1700000017.810000) can0 0x100#0500AA55
(1700000017.820000) can0 0x100#0600AA55
(1700000017.830000) can0 0x100#0700AA55
(1700000017.840000) can0 0x100#0800AA55
(1700000017.850000) can0 0x100#0900AA55
(1700000017.850000) can0 0x200#15112233
(1700000017.860000) can0 0x100#0A00AA55
(1700000017.870000) can0 0x100#0B00AA55
(1700000017.880000) can0 0x100#0C00AA55
(1700000017.890000) can0 0x100#0D00AA55
(1700000017.900000) can0 0x100#0E00AA55
(1700000017.900000) can0 0x200#16112233
(1700000017.900000) can0 0x500#03
(1700000017.910000) can0 0x100#0F00AA55
(1700000017.920000) can0 0x100#0000AA55
(1700000017.930000) can0 0x100#0100AA55
(1700000017.940000) can0 0x100#0200AA55
(1700000017.950000) can0 0x100#0300AA55
(1700000017.950000) can0 0x200#17112233
(1700000017.960000) can0 0x100#0400AA55
(1700000017.970000) can0 0x100#0500AA55
(1700000017.980000) can0 0x100#0600AA55
(1700000017.990000) can0 0x100#0700AA55
(1700000018.000000) can0 0x100#0800AA55
(1700000018.000000) can0 0x200#18112233
(1700000018.000000) can0 0x500#04
(1700000018.000000) can0 0x100#00FFFFFF
(1700000018.000500) can0 0x100#01FFFFFF
(1700000018.001000) can0 0x100#02FFFFFF
(1700000018.001500) can0 0x100#03FFFFFF
(1700000018.002000) can0 0x100#04FFFFFF
(1700000018.002500) can0 0x100#05FFFFFF
(1700000018.003000) can0 0x100#06FFFFFF
(1700000018.003500) can0 0x100#07FFFFFF
(1700000018.004000) can0 0x100#08FFFFFF
(1700000018.004500) can0 0x100#09FFFFFF
(1700000018.005000) can0 0x100#0AFFFFFF
(1700000018.005500) can0 0x100#0BFFFFFF
(1700000018.006000) can0 0x100#0CFFFFFF
(1700000018.006500) can0 0x100#0DFFFFFF
(1700000018.007000) can0 0x100#0EFFFFFF
(1700000018.007500) can0 0x100#0FFFFFFF
(1700000018.008000) can0 0x100#10FFFFFF
(1700000018.008500) can0 0x100#11FFFFFF
(1700000018.009000) can0 0x100#12FFFFFF
(1700000018.009500) can0 0x100#13FFFFFF
(1700000018.010000) can0 0x100#0900AA55
(1700000018.010000) can0 0x100#14FFFFFF
(1700000018.010500) can0 0x100#15FFFFFF
(1700000018.011000) can0 0x100#16FFFFFF
(1700000018.011500) can0 0x100#17FFFFFF
(1700000018.012000) can0 0x100#18FFFFFF
(1700000018.012500) can0 0x100#19FFFFFF
(1700000018.013000) can0 0x100#1AFFFFFF
(1700000018.013500) can0 0x100#1BFFFFFF
(1700000018.014000) can0 0x100#1CFFFFFF
(1700000018.014500) can0 0x100#1DFFFFFF
(1700000018.015000) can0 0x100#1EFFFFFF
(1700000018.015500) can0 0x100#1FFFFFFF
(1700000018.016000) can0 0x100#20FFFFFF
(1700000018.016500) can0 0x100#21FFFFFF
(1700000018.017000) can0 0x100#22FFFFFF
(1700000018.017500) can0 0x100#23FFFFFF
(1700000018.018000) can0 0x100#24FFFFFF
(1700000018.018500) can0 0x100#25FFFFFF
(1700000018.019000) can0 0x100#26FFFFFF
(1700000018.019500) can0 0x100#27FFFFFF
(1700000018.020000) can0 0x100#0A00AA55
(1700000018.020000) can0 0x100#28FFFFFF
(1700000018.020500) can0 0x100#29FFFFFF
(1700000018.021000) can0 0x100#2AFFFFFF
(1700000018.021500) can0 0x100#2BFFFFFF
(1700000018.022000) can0 0x100#2CFFFFFF
(1700000018.022500) can0 0x100#2DFFFFFF
(1700000018.023000) can0 0x100#2EFFFFFF
(1700000018.023500) can0 0x100#2FFFFFFF
(1700000018.024000) can0 0x100#30FFFFFF
(1700000018.024500) can0 0x100#31FFFFFF
(1700000018.025000) can0 0x100#32FFFFFF
(1700000018.025500) can0 0x100#33FFFFFF
(1700000018.026000) can0 0x100#34FFFFFF
(1700000018.026500) can0 0x100#35FFFFFF
(1700000018.027000) can0 0x100#36FFFFFF
(1700000018.027500) can0 0x100#37FFFFFF
(1700000018.028000) can0 0x100#38FFFFFF
(1700000018.028500) can0 0x100#39FFFFFF
(1700000018.029000) can0 0x100#3AFFFFFF
(1700000018.029500) can0 0x100#3BFFFFFF
(1700000018.030000) can0 0x100#0B00AA55
(1700000018.030000) can0 0x100#3CFFFFFF
(1700000018.030500) can0 0x100#3DFFFFFF
(1700000018.031000) can0 0x100#3EFFFFFF
(1700000018.031500) can0 0x100#3FFFFFFF
(1700000018.032000) can0 0x100#40FFFFFF
(1700000018.032500) can0 0x100#41FFFFFF
(1700000018.033000) can0 0x100#42FFFFFF
(1700000018.033500) can0 0x100#43FFFFFF
(1700000018.034000) can0 0x100#44FFFFFF
(1700000018.034500) can0 0x100#45FFFFFF
(1700000018.035000) can0 0x100#46FFFFFF
(1700000018.035500) can0 0x100#47FFFFFF
(1700000018.036000) can0 0x100#48FFFFFF
(1700000018.036500) can0 0x100#49FFFFFF
(1700000018.037000) can0 0x100#4AFFFFFF
(1700000018.037500) can0 0x100#4BFFFFFF
(1700000018.038000) can0 0x100#4CFFFFFF
(1700000018.038500) can0 0x100#4DFFFFFF
(1700000018.039000) can0 0x100#4EFFFFFF
(1700000018.039500) can0 0x100#4FFFFFFF
(1700000018.040000) can0 0x100#0C00AA55
(1700000018.040000) can0 0x100#50FFFFFF
(1700000018.040500) can0 0x100#51FFFFFF
(1700000018.041000) can0 0x100#52FFFFFF
(1700000018.041500) can0 0x100#53FFFFFF
(1700000018.042000) can0 0x100#54FFFFFF
(1700000018.042500) can0 0x100#55FFFFFF
(1700000018.043000) can0 0x100#56FFFFFF
(1700000018.043500) can0 0x100#57FFFFFF
(1700000018.044000) can0 0x100#58FFFFFF
(1700000018.044500) can0 0x100#59FFFFFF
(1700000018.045000) can0 0x100#5AFFFFFF
(1700000018.045500) can0 0x100#5BFFFFFF
(1700000018.046000) can0 0x100#5CFFFFFF
(1700000018.046500) can0 0x100#5DFFFFFF
(1700000018.047000) can0 0x100#5EFFFFFF
(1700000018.047500) can0 0x100#5FFFFFFF
(1700000018.048000) can0 0x100#60FFFFFF
(1700000018.048500) can0 0x100#61FFFFFF
(1700000018.049000) can0 0x100#62FFFFFF
(1700000018.049500) can0 0x100#63FFFFFF
(1700000018.050000) can0 0x100#0D00AA55
(1700000018.050000) can0 0x200#19112233
(1700000018.050000) can0 0x100#64FFFFFF
(1700000018.050500) can0 0x100#65FFFFFF
(1700000018.051000) can0 0x100#66FFFFFF
(1700000018.051500) can0 0x100#67FFFFFF
(1700000018.052000) can0 0x100#68FFFFFF
(1700000018.052500) can0 0x100#69FFFFFF
(1700000018.053000) can0 0x100#6AFFFFFF
(1700000018.053500) can0 0x100#6BFFFFFF
(1700000018.054000) can0 0x100#6CFFFFFF
(1700000018.054500) can0 0x100#6DFFFFFF
(1700000018.055000) can0 0x100#6EFFFFFF
(1700000018.055500) can0 0x100#6FFFFFFF
(1700000018.056000) can0 0x100#70FFFFFF
(1700000018.056500) can0 0x100#71FFFFFF
(1700000018.057000) can0 0x100#72FFFFFF
(1700000018.057500) can0 0x100#73FFFFFF
(1700000018.058000) can0 0x100#74FFFFFF
(1700000018.058500) can0 0x100#75FFFFFF
(1700000018.059000) can0 0x100#76FFFFFF
(1700000018.059500) can0 0x100#77FFFFFF
(1700000018.060000) can0 0x100#0E00AA55
(1700000018.060000) can0 0x100#78FFFFFF
(1700000018.060500) can0 0x100#79FFFFFF
(1700000018.061000) can0 0x100#7AFFFFFF
(1700000018.061500) can0 0x100#7BFFFFFF
(1700000018.062000) can0 0x100#7CFFFFFF
(1700000018.062500) can0 0x100#7DFFFFFF
(1700000018.063000) can0 0x100#7EFFFFFF
(1700000018.063500) can0 0x100#7FFFFFFF
(1700000018.064000) can0 0x100#80FFFFFF
(1700000018.064500) can0 0x100#81FFFFFF
(1700000018.065000) can0 0x100#82FFFFFF
(1700000018.065500) can0 0x100#83FFFFFF
(1700000018.066000) can0 0x100#84FFFFFF
(1700000018.066500) can0 0x100#85FFFFFF
(1700000018.067000) can0 0x100#86FFFFFF
(1700000018.067500) can0 0x100#87FFFFFF
(1700000018.068000) can0 0x100#88FFFFFF
(1700000018.068500) can0 0x100#89FFFFFF
(1700000018.069000) can0 0x100#8AFFFFFF
(1700000018.069500) can0 0x100#8BFFFFFF
(1700000018.070000) can0 0x100#0F00AA55
(1700000018.070000) can0 0x100#8CFFFFFF
(1700000018.070500) can0 0x100#8DFFFFFF
(1700000018.071000) can0 0x100#8EFFFFFF
(1700000018.071500) can0 0x100#8FFFFFFF
(1700000018.072000) can0 0x100#90FFFFFF
(1700000018.072500) can0 0x100#91FFFFFF
(1700000018.073000) can0 0x100#92FFFFFF
(1700000018.073500) can0 0x100#93FFFFFF
(1700000018.074000) can0 0x100#94FFFFFF
(1700000018.074500) can0 0x100#95FFFFFF
(1700000018.075000) can0 0x100#96FFFFFF
(1700000018.075500) can0 0x100#97FFFFFF
(1700000018.076000) can0 0x100#98FFFFFF
(1700000018.076500) can0 0x100#99FFFFFF
(1700000018.077000) can0 0x100#9AFFFFFF
(1700000018.077500) can0 0x100#9BFFFFFF
(1700000018.078000) can0 0x100#9CFFFFFF
(1700000018.078500) can0 0x100#9DFFFFFF
(1700000018.079000) can0 0x100#9EFFFFFF
(1700000018.079500) can0 0x100#9FFFFFFF
(1700000018.080000) can0 0x100#A0FFFFFF
(1700000018.080000) can0 0x100#0000AA55
(1700000018.080500) can0 0x100#A1FFFFFF
(1700000018.081000) can0 0x100#A2FFFFFF
(1700000018.081500) can0 0x100#A3FFFFFF
(1700000018.082000) can0 0x100#A4FFFFFF
(1700000018.082500) can0 0x100#A5FFFFFF
(1700000018.083000) can0 0x100#A6FFFFFF
(1700000018.083500) can0 0x100#A7FFFFFF
(1700000018.084000) can0 0x100#A8FFFFFF
(1700000018.084500) can0 0x100#A9FFFFFF
(1700000018.085000) can0 0x100#AAFFFFFF
(1700000018.085500) can0 0x100#ABFFFFFF
(1700000018.086000) can0 0x100#ACFFFFFF
(1700000018.086500) can0 0x100#ADFFFFFF
(1700000018.087000) can0 0x100#AEFFFFFF
(1700000018.087500) can0 0x100#AFFFFFFF
(1700000018.088000) can0 0x100#B0FFFFFF
(1700000018.088500) can0 0x100#B1FFFFFF
(1700000018.089000) can0 0x100#B2FFFFFF
(1700000018.089500) can0 0x100#B3FFFFFF
(1700000018.090000) can0 0x100#0100AA55
(1700000018.090000) can0 0x100#B4FFFFFF
(1700000018.090500) can0 0x100#B5FFFFFF
(1700000018.091000) can0 0x100#B6FFFFFF
(1700000018.091500) can0 0x100#B7FFFFFF
(1700000018.092000) can0 0x100#B8FFFFFF
(1700000018.092500) can0 0x100#B9FFFFFF
(1700000018.093000) can0 0x100#BAFFFFFF
(1700000018.093500) can0 0x100#BBFFFFFF
(1700000018.094000) can0 0x100#BCFFFFFF
(1700000018.094500) can0 0x100#BDFFFFFF
(1700000018.095000) can0 0x100#BEFFFFFF
(1700000018.095500) can0 0x100#BFFFFFFF
(1700000018.096000) can0 0x100#C0FFFFFF
(1700000018.096500) can0 0x100#C1FFFFFF
(1700000018.097000) can0 0x100#C2FFFFFF
(1700000018.097500) can0 0x100#C3FFFFFF
(1700000018.098000) can0 0x100#C4FFFFFF
(1700000018.098500) can0 0x100#C5FFFFFF
(1700000018.099000) can0 0x100#C6FFFFFF
(1700000018.099500) can0 0x100#C7FFFFFF
(1700000018.100000) can0 0x100#0200AA55
(1700000018.100000) can0 0x200#1A112233
(1700000018.100000) can0 0x500#05
(1700000018.100000) can0 0x100#C8FFFFFF
(1700000018.100500) can0 0x100#C9FFFFFF
(1700000018.101000) can0 0x100#CAFFFFFF
(1700000018.101500) can0 0x100#CBFFFFFF
(1700000018.102000) can0 0x100#CCFFFFFF
(1700000018.102500) can0 0x100#CDFFFFFF
(1700000018.103000) can0 0x100#CEFFFFFF
(1700000018.103500) can0 0x100#CFFFFFFF
(1700000018.104000) can0 0x100#D0FFFFFF
(1700000018.104500) can0 0x100#D1FFFFFF
(1700000018.105000) can0 0x100#D2FFFFFF
(1700000018.105500) can0 0x100#D3FFFFFF
(1700000018.106000) can0 0x100#D4FFFFFF
(1700000018.106500) can0 0x100#D5FFFFFF
(1700000018.107000) can0 0x100#D6FFFFFF
(1700000018.107500) can0 0x100#D7FFFFFF
(1700000018.108000) can0 0x100#D8FFFFFF
(1700000018.108500) can0 0x100#D9FFFFFF
(1700000018.109000) can0 0x100#DAFFFFFF
(1700000018.109500) can0 0x100#DBFFFFFF
(1700000018.110000) can0 0x100#0300AA55
(1700000018.110000) can0 0x100#DCFFFFFF
(1700000018.110500) can0 0x100#DDFFFFFF
(1700000018.111000) can0 0x100#DEFFFFFF
(1700000018.111500) can0 0x100#DFFFFFFF
(1700000018.112000) can0 0x100#E0FFFFFF
(1700000018.112500) can0 0x100#E1FFFFFF
(1700000018.113000) can0 0x100#E2FFFFFF
(1700000018.113500) can0 0x100#E3FFFFFF
(1700000018.114000) can0 0x100#E4FFFFFF
(1700000018.114500) can0 0x100#E5FFFFFF
(1700000018.115000) can0 0x100#E6FFFFFF
(1700000018.115500) can0 0x100#E7FFFFFF
(1700000018.116000) can0 0x100#E8FFFFFF
(1700000018.116500) can0 0x100#E9FFFFFF
(1700000018.117000) can0 0x100#EAFFFFFF
(1700000018.117500) can0 0x100#EBFFFFFF
(1700000018.118000) can0 0x100#ECFFFFFF
(1700000018.118500) can0 0x100#EDFFFFFF
(1700000018.119000) can0 0x100#EEFFFFFF
(1700000018.119500) can0 0x100#EFFFFFFF
(1700000018.120000) can0 0x100#0400AA55
(1700000018.120000) can0 0x100#F0FFFFFF
(1700000018.120500) can0 0x100#F1FFFFFF
(1700000018.121000) can0 0x100#F2FFFFFF
(1700000018.121500) can0 0x100#F3FFFFFF
(1700000018.122000) can0 0x100#F4FFFFFF
(1700000018.122500) can0 0x100#F5FFFFFF
(1700000018.123000) can0 0x100#F6FFFFFF
(1700000018.123500) can0 0x100#F7FFFFFF
(1700000018.124000) can0 0x100#F8FFFFFF
(1700000018.124500) can0 0x100#F9FFFFFF
(1700000018.125000) can0 0x100#FAFFFFFF
(1700000018.125500) can0 0x100#FBFFFFFF
(1700000018.126000) can0 0x100#FCFFFFFF
(1700000018.126500) can0 0x100#FDFFFFFF
(1700000018.127000) can0 0x100#FEFFFFFF
(1700000018.127500) can0 0x100#FFFFFFFF
(1700000018.128000) can0 0x100#00FFFFFF
(1700000018.128500) can0 0x100#01FFFFFF
(1700000018.129000) can0 0x100#02FFFFFF
(1700000018.129500) can0 0x100#03FFFFFF
(1700000018.130000) can0 0x100#0500AA55
(1700000018.130000) can0 0x100#04FFFFFF
(1700000018.130500) can0 0x100#05FFFFFF
(1700000018.131000) can0 0x100#06FFFFFF
(1700000018.131500) can0 0x100#07FFFFFF
(1700000018.132000) can0 0x100#08FFFFFF
(1700000018.132500) can0 0x100#09FFFFFF
(1700000018.133000) can0 0x100#0AFFFFFF
(1700000018.133500) can0 0x100#0BFFFFFF
(1700000018.134000) can0 0x100#0CFFFFFF
(1700000018.134500) can0 0x100#0DFFFFFF
(1700000018.135000) can0 0x100#0EFFFFFF
(1700000018.135500) can0 0x100#0FFFFFFF
(1700000018.136000) can0 0x100#10FFFFFF
(1700000018.136500) can0 0x100#11FFFFFF
(1700000018.137000) can0 0x100#12FFFFFF
(1700000018.137500) can0 0x100#13FFFFFF
(1700000018.138000) can0 0x100#14FFFFFF
(1700000018.138500) can0 0x100#15FFFFFF
(1700000018.139000) can0 0x100#16FFFFFF
(1700000018.139500) can0 0x100#17FFFFFF
(1700000018.140000) can0 0x100#0600AA55
(1700000018.140000) can0 0x100#18FFFFFF
(1700000018.140500) can0 0x100#19FFFFFF
(1700000018.141000) can0 0x100#1AFFFFFF
(1700000018.141500) can0 0x100#1BFFFFFF
(1700000018.142000) can0 0x100#1CFFFFFF
(1700000018.142500) can0 0x100#1DFFFFFF
(1700000018.143000) can0 0x100#1EFFFFFF
(1700000018.143500) can0 0x100#1FFFFFFF
(1700000018.144000) can0 0x100#20FFFFFF
(1700000018.144500) can0 0x100#21FFFFFF
(1700000018.145000) can0 0x100#22FFFFFF
(1700000018.145500) can0 0x100#23FFFFFF
(1700000018.146000) can0 0x100#24FFFFFF
(1700000018.146500) can0 0x100#25FFFFFF
(1700000018.147000) can0 0x100#26FFFFFF
(1700000018.147500) can0 0x100#27FFFFFF
(1700000018.148000) can0 0x100#28FFFFFF
(1700000018.148500) can0 0x100#29FFFFFF
(1700000018.149000) can0 0x100#2AFFFFFF
(1700000018.149500) can0 0x100#2BFFFFFF
(1700000018.150000) can0 0x100#2CFFFFFF
(1700000018.150000) can0 0x100#0700AA55
(1700000018.150000) can0 0x200#1B112233
(1700000018.150500) can0 0x100#2DFFFFFF
(1700000018.151000) can0 0x100#2EFFFFFF
(1700000018.151500) can0 0x100#2FFFFFFF
(1700000018.152000) can0 0x100#30FFFFFF
(1700000018.152500) can0 0x100#31FFFFFF
(1700000018.153000) can0 0x100#32FFFFFF
(1700000018.153500) can0 0x100#33FFFFFF
(1700000018.154000) can0 0x100#34FFFFFF
(1700000018.154500) can0 0x100#35FFFFFF
(1700000018.155000) can0 0x100#36FFFFFF
(1700000018.155500) can0 0x100#37FFFFFF
(1700000018.156000) can0 0x100#38FFFFFF
(1700000018.156500) can0 0x100#39FFFFFF
(1700000018.157000) can0 0x100#3AFFFFFF
(1700000018.157500) can0 0x100#3BFFFFFF
(1700000018.158000) can0 0x100#3CFFFFFF
(1700000018.158500) can0 0x100#3DFFFFFF
(1700000018.159000) can0 0x100#3EFFFFFF
(1700000018.159500) can0 0x100#3FFFFFFF
(1700000018.160000) can0 0x100#0800AA55
(1700000018.160000) can0 0x100#40FFFFFF
(1700000018.160500) can0 0x100#41FFFFFF
(1700000018.161000) can0 0x100#42FFFFFF
(1700000018.161500) can0 0x100#43FFFFFF
(1700000018.162000) can0 0x100#44FFFFFF
(1700000018.162500) can0 0x100#45FFFFFF
(1700000018.163000) can0 0x100#46FFFFFF
(1700000018.163500) can0 0x100#47FFFFFF
(1700000018.164000) can0 0x100#48FFFFFF
(1700000018.164500) can0 0x100#49FFFFFF
(1700000018.165000) can0 0x100#4AFFFFFF
(1700000018.165500) can0 0x100#4BFFFFFF
(1700000018.166000) can0 0x100#4CFFFFFF
(1700000018.166500) can0 0x100#4DFFFFFF
(1700000018.167000) can0 0x100#4EFFFFFF
(1700000018.167500) can0 0x100#4FFFFFFF
(1700000018.168000) can0 0x100#50FFFFFF
(1700000018.168500) can0 0x100#51FFFFFF
(1700000018.169000) can0 0x100#52FFFFFF
(1700000018.169500) can0 0x100#53FFFFFF
(1700000018.170000) can0 0x100#0900AA55
(1700000018.170000) can0 0x100#54FFFFFF
(1700000018.170500) can0 0x100#55FFFFFF
(1700000018.171000) can0 0x100#56FFFFFF
(1700000018.171500) can0 0x100#57FFFFFF
(1700000018.172000) can0 0x100#58FFFFFF
(1700000018.172500) can0 0x100#59FFFFFF
(1700000018.173000) can0 0x100#5AFFFFFF
(1700000018.173500) can0 0x100#5BFFFFFF
(1700000018.174000) can0 0x100#5CFFFFFF
(1700000018.174500) can0 0x100#5DFFFFFF
(1700000018.175000) can0 0x100#5EFFFFFF
(1700000018.175500) can0 0x100#5FFFFFFF
(1700000018.176000) can0 0x100#60FFFFFF
(1700000018.176500) can0 0x100#61FFFFFF
(1700000018.177000) can0 0x100#62FFFFFF
(1700000018.177500) can0 0x100#63FFFFFF
(1700000018.178000) can0 0x100#64FFFFFF
(1700000018.178500) can0 0x100#65FFFFFF
(1700000018.179000) can0 0x100#66FFFFFF
(1700000018.179500) can0 0x100#67FFFFFF
(1700000018.180000) can0 0x100#0A00AA55
(1700000018.180000) can0 0x100#68FFFFFF
(1700000018.180500) can0 0x100#69FFFFFF
(1700000018.181000) can0 0x100#6AFFFFFF
(1700000018.181500) can0 0x100#6BFFFFFF
(1700000018.182000) can0 0x100#6CFFFFFF
(1700000018.182500) can0 0x100#6DFFFFFF
(1700000018.183000) can0 0x100#6EFFFFFF
(1700000018.183500) can0 0x100#6FFFFFFF
(1700000018.184000) can0 0x100#70FFFFFF
(1700000018.184500) can0 0x100#71FFFFFF
(1700000018.185000) can0 0x100#72FFFFFF
(1700000018.185500) can0 0x100#73FFFFFF
(1700000018.186000) can0 0x100#74FFFFFF
(1700000018.186500) can0 0x100#75FFFFFF
(1700000018.187000) can0 0x100#76FFFFFF
(1700000018.187500) can0 0x100#77FFFFFF
(1700000018.188000) can0 0x100#78FFFFFF
(1700000018.188500) can0 0x100#79FFFFFF
(1700000018.189000) can0 0x100#7AFFFFFF
(1700000018.189500) can0 0x100#7BFFFFFF
(1700000018.190000) can0 0x100#0B00AA55
(1700000018.190000) can0 0x100#7CFFFFFF
(1700000018.190500) can0 0x100#7DFFFFFF
(1700000018.191000) can0 0x100#7EFFFFFF
(1700000018.191500) can0 0x100#7FFFFFFF
(1700000018.192000) can0 0x100#80FFFFFF
(1700000018.192500) can0 0x100#81FFFFFF
(1700000018.193000) can0 0x100#82FFFFFF
(1700000018.193500) can0 0x100#83FFFFFF
(1700000018.194000) can0 0x100#84FFFFFF
(1700000018.194500) can0 0x100#85FFFFFF
(1700000018.195000) can0 0x100#86FFFFFF
(1700000018.195500) can0 0x100#87FFFFFF
(1700000018.196000) can0 0x100#88FFFFFF
(1700000018.196500) can0 0x100#89FFFFFF
(1700000018.197000) can0 0x100#8AFFFFFF
(1700000018.197500) can0 0x100#8BFFFFFF
(1700000018.198000) can0 0x100#8CFFFFFF
(1700000018.198500) can0 0x100#8DFFFFFF
(1700000018.199000) can0 0x100#8EFFFFFF
(1700000018.199500) can0 0x100#8FFFFFFF
(1700000018.200000) can0 0x100#0C00AA55
(1700000018.200000) can0 0x200#1C112233
(1700000018.200000) can0 0x500#06
(1700000018.200000) can0 0x100#90FFFFFF
(1700000018.200500) can0 0x100#91FFFFFF
(1700000018.201000) can0 0x100#92FFFFFF
(1700000018.201500) can0 0x100#93FFFFFF
(1700000018.202000) can0 0x100#94FFFFFF
(1700000018.202500) can0 0x100#95FFFFFF
(1700000018.203000) can0 0x100#96FFFFFF
(1700000018.203500) can0 0x100#97FFFFFF
(1700000018.204000) can0 0x100#98FFFFFF
(1700000018.204500) can0 0x100#99FFFFFF
(1700000018.205000) can0 0x100#9AFFFFFF
(1700000018.205500) can0 0x100#9BFFFFFF
(1700000018.206000) can0 0x100#9CFFFFFF
(1700000018.206500) can0 0x100#9DFFFFFF
(1700000018.207000) can0 0x100#9EFFFFFF
(1700000018.207500) can0 0x100#9FFFFFFF
(1700000018.208000) can0 0x100#A0FFFFFF
(1700000018.208500) can0 0x100#A1FFFFFF
(1700000018.209000) can0 0x100#A2FFFFFF
(1700000018.209500) can0 0x100#A3FFFFFF
(1700000018.210000) can0 0x100#0D00AA55
(1700000018.210000) can0 0x100#A4FFFFFF
(1700000018.210500) can0 0x100#A5FFFFFF
(1700000018.211000) can0 0x100#A6FFFFFF
(1700000018.211500) can0 0x100#A7FFFFFF
(1700000018.212000) can0 0x100#A8FFFFFF
(1700000018.212500) can0 0x100#A9FFFFFF
(1700000018.213000) can0 0x100#AAFFFFFF
(1700000018.213500) can0 0x100#ABFFFFFF
(1700000018.214000) can0 0x100#ACFFFFFF
(1700000018.214500) can0 0x100#ADFFFFFF
(1700000018.215000) can0 0x100#AEFFFFFF
(1700000018.215500) can0 0x100#AFFFFFFF
(1700000018.216000) can0 0x100#B0FFFFFF
(1700000018.216500) can0 0x100#B1FFFFFF
(1700000018.217000) can0 0x100#B2FFFFFF
(1700000018.217500) can0 0x100#B3FFFFFF
(1700000018.218000) can0 0x100#B4FFFFFF
(1700000018.218500) can0 0x100#B5FFFFFF
(1700000018.219000) can0 0x100#B6FFFFFF
(1700000018.219500) can0 0x100#B7FFFFFF
(1700000018.220000) can0 0x100#0E00AA55
(1700000018.220000) can0 0x100#B8FFFFFF
(1700000018.220500) can0 0x100#B9FFFFFF
(1700000018.221000) can0 0x100#BAFFFFFF
(1700000018.221500) can0 0x100#BBFFFFFF
(1700000018.222000) can0 0x100#BCFFFFFF
(1700000018.222500) can0 0x100#BDFFFFFF
(1700000018.223000) can0 0x100#BEFFFFFF
(1700000018.223500) can0 0x100#BFFFFFFF
(1700000018.224000) can0 0x100#C0FFFFFF
(1700000018.224500) can0 0x100#C1FFFFFF
(1700000018.225000) can0 0x100#C2FFFFFF
(1700000018.225500) can0 0x100#C3FFFFFF
(1700000018.226000) can0 0x100#C4FFFFFF
(1700000018.226500) can0 0x100#C5FFFFFF
(1700000018.227000) can0 0x100#C6FFFFFF
(1700000018.227500) can0 0x100#C7FFFFFF
(1700000018.228000) can0 0x100#C8FFFFFF
(1700000018.228500) can0 0x100#C9FFFFFF
(1700000018.229000) can0 0x100#CAFFFFFF
(1700000018.229500) can0 0x100#CBFFFFFF
(1700000018.230000) can0 0x100#0F00AA55
(1700000018.230000) can0 0x100#CCFFFFFF
(1700000018.230500) can0 0x100#CDFFFFFF
(1700000018.231000) can0 0x100#CEFFFFFF
(1700000018.231500) can0 0x100#CFFFFFFF
(1700000018.232000) can0 0x100#D0FFFFFF
(1700000018.232500) can0 0x100#D1FFFFFF
(1700000018.233000) can0 0x100#D2FFFFFF
(1700000018.233500) can0 0x100#D3FFFFFF
(1700000018.234000) can0 0x100#D4FFFFFF
(1700000018.234500) can0 0x100#D5FFFFFF
(1700000018.235000) can0 0x100#D6FFFFFF
(1700000018.235500) can0 0x100#D7FFFFFF
(1700000018.236000) can0 0x100#D8FFFFFF
(1700000018.236500) can0 0x100#D9FFFFFF
(1700000018.237000) can0 0x100#DAFFFFFF
(1700000018.237500) can0 0x100#DBFFFFFF
(1700000018.238000) can0 0x100#DCFFFFFF
(1700000018.238500) can0 0x100#DDFFFFFF
(1700000018.239000) can0 0x100#DEFFFFFF
(1700000018.239500) can0 0x100#DFFFFFFF
(1700000018.240000) can0 0x100#E0FFFFFF
(1700000018.240000) can0 0x100#0000AA55
(1700000018.240500) can0 0x100#E1FFFFFF
(1700000018.241000) can0 0x100#E2FFFFFF
(1700000018.241500) can0 0x100#E3FFFFFF
(1700000018.242000) can0 0x100#E4FFFFFF
(1700000018.242500) can0 0x100#E5FFFFFF
(1700000018.243000) can0 0x100#E6FFFFFF
(1700000018.243500) can0 0x100#E7FFFFFF
(1700000018.244000) can0 0x100#E8FFFFFF
(1700000018.244500) can0 0x100#E9FFFFFF
(1700000018.245000) can0 0x100#EAFFFFFF
(1700000018.245500) can0 0x100#EBFFFFFF
(1700000018.246000) can0 0x100#ECFFFFFF
(1700000018.246500) can0 0x100#EDFFFFFF
(1700000018.247000) can0 0x100#EEFFFFFF
(1700000018.247500) can0 0x100#EFFFFFFF
(1700000018.248000) can0 0x100#F0FFFFFF
(1700000018.248500) can0 0x100#F1FFFFFF
(1700000018.249000) can0 0x100#F2FFFFFF
(1700000018.249500) can0 0x100#F3FFFFFF
(1700000018.250000) can0 0x100#0100AA55
(1700000018.250000) can0 0x200#1D112233
(1700000018.250000) can0 0x100#F4FFFFFF
(1700000018.250500) can0 0x100#F5FFFFFF
(1700000018.251000) can0 0x100#F6FFFFFF
(1700000018.251500) can0 0x100#F7FFFFFF
(1700000018.252000) can0 0x100#F8FFFFFF
(1700000018.252500) can0 0x100#F9FFFFFF
(1700000018.253000) can0 0x100#FAFFFFFF
(1700000018.253500) can0 0x100#FBFFFFFF
(1700000018.254000) can0 0x100#FCFFFFFF
(1700000018.254500) can0 0x100#FDFFFFFF
(1700000018.255000) can0 0x100#FEFFFFFF
(1700000018.255500) can0 0x100#FFFFFFFF
(1700000018.256000) can0 0x100#00FFFFFF
(1700000018.256500) can0 0x100#01FFFFFF
(1700000018.257000) can0 0x100#02FFFFFF
(1700000018.257500) can0 0x100#03FFFFFF
(1700000018.258000) can0 0x100#04FFFFFF
(1700000018.258500) can0 0x100#05FFFFFF
(1700000018.259000) can0 0x100#06FFFFFF
(1700000018.259500) can0 0x100#07FFFFFF
(1700000018.260000) can0 0x100#0200AA55
(1700000018.260000) can0 0x100#08FFFFFF
(1700000018.260500) can0 0x100#09FFFFFF
(1700000018.261000) can0 0x100#0AFFFFFF
(1700000018.261500) can0 0x100#0BFFFFFF
(1700000018.262000) can0 0x100#0CFFFFFF
(1700000018.262500) can0 0x100#0DFFFFFF
(1700000018.263000) can0 0x100#0EFFFFFF
(1700000018.263500) can0 0x100#0FFFFFFF
(1700000018.264000) can0 0x100#10FFFFFF
(1700000018.264500) can0 0x100#11FFFFFF
(1700000018.265000) can0 0x100#12FFFFFF
(1700000018.265500) can0 0x100#13FFFFFF
(1700000018.266000) can0 0x100#14FFFFFF
(1700000018.266500) can0 0x100#15FFFFFF
(1700000018.267000) can0 0x100#16FFFFFF
(1700000018.267500) can0 0x100#17FFFFFF
(1700000018.268000) can0 0x100#18FFFFFF
(1700000018.268500) can0 0x100#19FFFFFF
(1700000018.269000) can0 0x100#1AFFFFFF
(1700000018.269500) can0 0x100#1BFFFFFF
(1700000018.270000) can0 0x100#0300AA55
(1700000018.270000) can0 0x100#1CFFFFFF
(1700000018.270500) can0 0x100#1DFFFFFF
(1700000018.271000) can0 0x100#1EFFFFFF
(1700000018.271500) can0 0x100#1FFFFFFF
(1700000018.272000) can0 0x100#20FFFFFF
(1700000018.272500) can0 0x100#21FFFFFF
(1700000018.273000) can0 0x100#22FFFFFF
(1700000018.273500) can0 0x100#23FFFFFF
(1700000018.274000) can0 0x100#24FFFFFF
(1700000018.274500) can0 0x100#25FFFFFF
(1700000018.275000) can0 0x100#26FFFFFF
(1700000018.275500) can0 0x100#27FFFFFF
(1700000018.276000) can0 0x100#28FFFFFF
(1700000018.276500) can0 0x100#29FFFFFF
(1700000018.277000) can0 0x100#2AFFFFFF
(1700000018.277500) can0 0x100#2BFFFFFF
(1700000018.278000) can0 0x100#2CFFFFFF
(1700000018.278500) can0 0x100#2DFFFFFF
(1700000018.279000) can0 0x100#2EFFFFFF
(1700000018.279500) can0 0x100#2FFFFFFF
(1700000018.280000) can0 0x100#0400AA55
(1700000018.280000) can0 0x100#30FFFFFF
(1700000018.280500) can0 0x100#31FFFFFF
(1700000018.281000) can0 0x100#32FFFFFF
(1700000018.281500) can0 0x100#33FFFFFF
(1700000018.282000) can0 0x100#34FFFFFF
(1700000018.282500) can0 0x100#35FFFFFF
(1700000018.283000) can0 0x100#36FFFFFF
(1700000018.283500) can0 0x100#37FFFFFF
(1700000018.284000) can0 0x100#38FFFFFF
(1700000018.284500) can0 0x100#39FFFFFF
(1700000018.285000) can0 0x100#3AFFFFFF
(1700000018.285500) can0 0x100#3BFFFFFF
(1700000018.286000) can0 0x100#3CFFFFFF
(1700000018.286500) can0 0x100#3DFFFFFF
(1700000018.287000) can0 0x100#3EFFFFFF
(1700000018.287500) can0 0x100#3FFFFFFF
(1700000018.288000) can0 0x100#40FFFFFF
(1700000018.288500) can0 0x100#41FFFFFF
(1700000018.289000) can0 0x100#42FFFFFF
(1700000018.289500) can0 0x100#43FFFFFF
(1700000018.290000) can0 0x100#0500AA55
(1700000018.290000) can0 0x100#44FFFFFF
(1700000018.290500) can0 0x100#45FFFFFF
(1700000018.291000) can0 0x100#46FFFFFF
(1700000018.291500) can0 0x100#47FFFFFF
(1700000018.292000) can0 0x100#48FFFFFF
(1700000018.292500) can0 0x100#49FFFFFF
(1700000018.293000) can0 0x100#4AFFFFFF
(1700000018.293500) can0 0x100#4BFFFFFF
(1700000018.294000) can0 0x100#4CFFFFFF
(1700000018.294500) can0 0x100#4DFFFFFF
(1700000018.295000) can0 0x100#4EFFFFFF
(1700000018.295500) can0 0x100#4FFFFFFF
(1700000018.296000) can0 0x100#50FFFFFF
(1700000018.296500) can0 0x100#51FFFFFF
(1700000018.297000) can0 0x100#52FFFFFF
(1700000018.297500) can0 0x100#53FFFFFF
(1700000018.298000) can0 0x100#54FFFFFF
(1700000018.298500) can0 0x100#55FFFFFF
(1700000018.299000) can0 0x100#56FFFFFF
(1700000018.299500) can0 0x100#57FFFFFF
(1700000018.300000) can0 0x100#0600AA55
(1700000018.300000) can0 0x200#1E112233
(1700000018.300000) can0 0x500#07
(1700000018.310000) can0 0x100#0700AA55
(1700000018.320000) can0 0x100#0800AA55
(1700000018.330000) can0 0x100#0900AA55
(1700000018.340000) can0 0x100#0A00AA55
(1700000018.350000) can0 0x100#0B00AA55
(1700000018.350000) can0 0x200#1F112233
(1700000018.360000) can0 0x100#0C00AA55
(1700000018.370000) can0 0x100#0D00AA55
(1700000018.380000) can0 0x100#0E00AA55
(1700000018.390000) can0 0x100#0F00AA55
(1700000018.400000) can0 0x100#0000AA55
(1700000018.400000) can0 0x200#1F112233
(1700000018.400000) can0 0x500#08
(1700000018.410000) can0 0x100#0100AA55
(1700000018.420000) can0 0x100#0200AA55
(1700000018.430000) can0 0x100#0300AA55
(1700000018.440000) can0 0x100#0400AA55
(1700000018.450000) can0 0x100#0500AA55
(1700000018.450000) can0 0x200#1E112233
(1700000018.460000) can0 0x100#0600AA55
(1700000018.470000) can0 0x100#0700AA55
(1700000018.480000) can0 0x100#0800AA55
(1700000018.490000) can0 0x100#0900AA55
(1700000018.500000) can0 0x100#0A00AA55
(1700000018.500000) can0 0x200#1D112233
(1700000018.500000) can0 0x500#09
(1700000018.510000) can0 0x100#0B00AA55
(1700000018.520000) can0 0x100#0C00AA55
(1700000018.530000) can0 0x100#0D00AA55
(1700000018.540000) can0 0x100#0E00AA55
(1700000018.550000) can0 0x100#0F00AA55
(1700000018.550000) can0 0x200#1C112233
(1700000018.560000) can0 0x100#0000AA55
(1700000018.570000) can0 0x100#0100AA55
(1700000018.580000) can0 0x100#0200AA55
(1700000018.590000) can0 0x100#0300AA55
(1700000018.600000) can0 0x100#0400AA55
(1700000018.600000) can0 0x200#1B112233
(1700000018.600000) can0 0x500#0A
(1700000018.610000) can0 0x100#0500AA55
(1700000018.620000) can0 0x100#0600AA55
(1700000018.630000) can0 0x100#0700AA55
(1700000018.640000) can0 0x100#0800AA55
(1700000018.650000) can0 0x100#0900AA55
(1700000018.650000) can0 0x200#1A112233
(1700000018.660000) can0 0x100#0A00AA55
(1700000018.670000) can0 0x100#0B00AA55
(1700000018.680000) can0 0x100#0C00AA55
(1700000018.690000) can0 0x100#0D00AA55
(1700000018.700000) can0 0x100#0E00AA55
(1700000018.700000) can0 0x200#19112233
(1700000018.700000) can0 0x500#0B
(1700000018.710000) can0 0x100#0F00AA55
(1700000018.720000) can0 0x100#0000AA55
(1700000018.730000) can0 0x100#0100AA55
(1700000018.740000) can0 0x100#0200AA55
(1700000018.750000) can0 0x100#0300AA55
(1700000018.750000) can0 0x200#18112233
(1700000018.760000) can0 0x100#0400AA55
(1700000018.770000) can0 0x100#0500AA55
(1700000018.780000) can0 0x100#0600AA55
(1700000018.790000) can0 0x100#0700AA55
(1700000018.800000) can0 0x100#0800AA55
(1700000018.800000) can0 0x200#17112233
(1700000018.800000) can0 0x500#0C
(1700000018.810000) can0 0x100#0900AA55
(1700000018.820000) can0 0x100#0A00AA55
(1700000018.830000) can0 0x100#0B00AA55
(1700000018.840000) can0 0x100#0C00AA55
(1700000018.850000) can0 0x100#0D00AA55
(1700000018.850000) can0 0x200#16112233
(1700000018.860000) can0 0x100#0E00AA55
(1700000018.870000) can0 0x100#0F00AA55
(1700000018.880000) can0 0x100#0000AA55
(1700000018.890000) can0 0x100#0100AA55
(1700000018.900000) can0 0x100#0200AA55
(1700000018.900000) can0 0x200#15112233
(1700000018.900000) can0 0x500#0D
(1700000018.910000) can0 0x100#0300AA55
(1700000018.920000) can0 0x100#0400AA55
(1700000018.930000) can0 0x100#0500AA55
(1700000018.940000) can0 0x100#0600AA55
(1700000018.950000) can0 0x100#0700AA55
(1700000018.950000) can0 0x200#14112233
(1700000018.960000) can0 0x100#0800AA55
(1700000018.970000) can0 0x100#0900AA55
(1700000018.980000) can0 0x100#0A00AA55
(1700000018.990000) can0 0x100#0B00AA55
(1700000019.000000) can0 0x100#0C00AA55
(1700000019.000000) can0 0x200#13112233
(1700000019.000000) can0 0x500#0E
(1700000019.010000) can0 0x100#0D00AA55
(1700000019.020000) can0 0x100#0E00AA55
(1700000019.030000) can0 0x100#0F00AA55
(1700000019.040000) can0 0x100#0000AA55
(1700000019.050000) can0 0x100#0100AA55
(1700000019.050000) can0 0x200#12112233
(1700000019.060000) can0 0x100#0200AA55
(1700000019.070000) can0 0x100#0300AA55
(1700000019.080000) can0 0x100#0400AA55
(1700000019.090000) can0 0x100#0500AA55
(1700000019.100000) can0 0x100#0600AA55
(1700000019.100000) can0 0x200#11112233
(1700000019.100000) can0 0x500#0F
(1700000019.110000) can0 0x100#0700AA55
(1700000019.120000) can0 0x100#0800AA55
(1700000019.130000) can0 0x100#0900AA55
(1700000019.140000) can0 0x100#0A00AA55
(1700000019.150000) can0 0x100#0B00AA55
(1700000019.150000) can0 0x200#10112233
(1700000019.160000) can0 0x100#0C00AA55
(1700000019.170000) can0 0x100#0D00AA55
(1700000019.180000) can0 0x100#0E00AA55
(1700000019.190000) can0 0x100#0F00AA55
(1700000019.200000) can0 0x100#0000AA55
(1700000019.200000) can0 0x200#10112233
(1700000019.200000) can0 0x500#00
(1700000019.210000) can0 0x100#0100AA55
(1700000019.220000) can0 0x100#0200AA55
(1700000019.230000) can0 0x100#0300AA55
(1700000019.240000) can0 0x100#0400AA55
(1700000019.250000) can0 0x100#0500AA55
(1700000019.250000) can0 0x200#11112233
(1700000019.260000) can0 0x100#0600AA55
(1700000019.270000) can0 0x100#0700AA55
(1700000019.280000) can0 0x100#0800AA55
(1700000019.290000) can0 0x100#0900AA55
(1700000019.300000) can0 0x100#0A00AA55
(1700000019.300000) can0 0x200#12112233
(1700000019.300000) can0 0x500#01
(1700000019.310000) can0 0x100#0B00AA55
(1700000019.320000) can0 0x100#0C00AA55
(1700000019.330000) can0 0x100#0D00AA55
(1700000019.340000) can0 0x100#0E00AA55
(1700000019.350000) can0 0x100#0F00AA55
(1700000019.350000) can0 0x200#13112233
(1700000019.360000) can0 0x100#0000AA55
(1700000019.370000) can0 0x100#0100AA55
(1700000019.380000) can0 0x100#0200AA55
(1700000019.390000) can0 0x100#0300AA55
(1700000019.400000) can0 0x100#0400AA55
(1700000019.400000) can0 0x200#14112233
(1700000019.400000) can0 0x500#02
(1700000019.410000) can0 0x100#0500AA55
(1700000019.420000) can0 0x100#0600AA55
(1700000019.430000) can0 0x100#0700AA55
(1700000019.440000) can0 0x100#0800AA55
(1700000019.450000) can0 0x100#0900AA55
(1700000019.450000) can0 0x200#15112233
(1700000019.460000) can0 0x100#0A00AA55
(1700000019.470000) can0 0x100#0B00AA55
(1700000019.480000) can0 0x100#0C00AA55
(1700000019.490000) can0 0x100#0D00AA55
(1700000019.500000) can0 0x100#0E00AA55
(1700000019.500000) can0 0x200#16112233
(1700000019.500000) can0 0x500#03
(1700000019.510000) can0 0x100#0F00AA55
(1700000019.520000) can0 0x100#0000AA55
(1700000019.530000) can0 0x100#0100AA55
(1700000019.540000) can0 0x100#0200AA55
(1700000019.550000) can0 0x100#0300AA55
(1700000019.550000) can0 0x200#17112233
(1700000019.560000) can0 0x100#0400AA55
(1700000019.570000) can0 0x100#0500AA55
(1700000019.580000) can0 0x100#0600AA55
(1700000019.590000) can0 0x100#0700AA55
(1700000019.600000) can0 0x100#0800AA55
(1700000019.600000) can0 0x200#18112233
(1700000019.600000) can0 0x500#04
(1700000019.610000) can0 0x100#0900AA55
(1700000019.620000) can0 0x100#0A00AA55
(1700000019.630000) can0 0x100#0B00AA55
(1700000019.640000) can0 0x100#0C00AA55
(1700000019.650000) can0 0x100#0D00AA55
(1700000019.650000) can0 0x200#19112233
(1700000019.660000) can0 0x100#0E00AA55
(1700000019.670000) can0 0x100#0F00AA55
(1700000019.680000) can0 0x100#0000AA55
(1700000019.690000) can0 0x100#0100AA55
(1700000019.700000) can0 0x100#0200AA55
(1700000019.700000) can0 0x200#1A112233
(1700000019.700000) can0 0x500#05
(1700000019.710000) can0 0x100#0300AA55
(1700000019.720000) can0 0x100#0400AA55
(1700000019.730000) can0 0x100#0500AA55
(1700000019.740000) can0 0x100#0600AA55
(1700000019.750000) can0 0x100#0700AA55
(1700000019.750000) can0 0x200#1B112233
(1700000019.760000) can0 0x100#0800AA55
(1700000019.770000) can0 0x100#0900AA55
(1700000019.780000) can0 0x100#0A00AA55
(1700000019.790000) can0 0x100#0B00AA55
(1700000019.800000) can0 0x100#0C00AA55
(1700000019.800000) can0 0x200#1C112233
(1700000019.800000) can0 0x500#06
(1700000019.810000) can0 0x100#0D00AA55
(1700000019.820000) can0 0x100#0E00AA55
(1700000019.830000) can0 0x100#0F00AA55
(1700000019.840000) can0 0x100#0000AA55
(1700000019.850000) can0 0x100#0100AA55
(1700000019.850000) can0 0x200#1D112233
(1700000019.860000) can0 0x100#0200AA55
(1700000019.870000) can0 0x100#0300AA55
(1700000019.880000) can0 0x100#0400AA55
(1700000019.890000) can0 0x100#0500AA55
(1700000019.900000) can0 0x100#0600AA55
(1700000019.900000) can0 0x200#1E112233
(1700000019.900000) can0 0x500#07
(1700000019.910000) can0 0x100#0700AA55
(1700000019.920000) can0 0x100#0800AA55
(1700000019.930000) can0 0x100#0900AA55
(1700000019.940000) can0 0x100#0A00AA55
(1700000019.950000) can0 0x100#0B00AA55
(1700000019.950000) can0 0x200#1F112233
(1700000019.960000) can0 0x100#0C00AA55
(1700000019.970000) can0 0x100#0D00AA55
(1700000019.980000) can0 0x100#0E00AA55
(1700000019.990000) can0 0x100#0F00AA55
